hashtag_final,n
pınargültekin,21943
pınargültekiniçinadalet,8947
istanbulsözleşmesiyaşatır,2444
sondakika,1485
cemalmetinavcı,800
kadıncinayetleripolitiktir,728
haber,657
kadıncinayetleri,554
haberler,475
deprem,426
kadinasiddetehayir,395
muğla,389
eminebulut,361
gündem,273
kadınaşiddetehayır,272
özgecanaslan,266
dgs2021,250
kadınaşiddetedurde,247
cinayet,236
kadıncinayetlerinedurde,212
gazetesozcu,206
şuleçet,201
arveles,184
chp,184
piknigeyasak,180
kadınasiddetedurde,179
izmir,177
copaamericafınal,174
kadın,171
rtecevapvertuerkmilletisoruyor,167
volkanuzuntutuklansın,160
8martdünyakadınlargünü,154
duygudelen,145
aylinsözer,141
mardin,138
mügeanlı,136
gateio800kmilestone,133
gıdafiyatlarıneolacak,131
kadıncinayetlerisonbulsun,131
benzin,127
cerenözdemir,127
haber48,122
kemalizmyokolacak,120
sevgililergünü,120
2020biterken,117
azragülendamhaytaoğlu,116
sigara,112
aleynacakır,111
münevverkarabulut,108
pazartesi,108
damlahoruzbulunsun,100
türkçe,100
altın,99
idamgelsin,99
hediyebitcoin,97
pazar,93
solana,93
pikniğeyasak,92
türkiye,88
mehmetakifersoy,84
mugla,84
burakaykultutuklansın,83
aleynaçakır,81
pisliksinmuratovuc,80
istanbulsozlemesiyasatir,79
seherfak,79
gsbyurtlarımız,78
susamam,76
idamistiyoruz,75
kadınaşiddet,73
haddinibilbingursonmez,70
üçkuruş,70
cerendamar,69
gizemcanbulut,69
istanbulsoezlesmesi,69
rezaletesusanlar,69
salı,68
8martdunyakadinlargunu,66
36kadın,64
iboshow,64
duygusuzolma,63
allahbelanızıversin,62
dava,62
katil,60
survivorallstar,60
fatmaaltınmakasasesol,59
galatasaray,59
yargı,59
rtecevapvertürkmilletisoruyor,58
epgis,57
sahtekarsercandikme,57
eminem,56
haberverme,56
hayvanhaklarıyasasıhemen,56
fatmaaltınmakas,55
yeter,55
demetakalin,54
elazığdepremi,54
tgrtlig,54
yargi,54
survivor2022alllstar,53
cumhuriyet,52
istanbulsoezlesmesiyasatır,52
cumhuriyetgzt,51
süleymangirgin,50
kemalizmyıkılıyor,49
elektrik,48
kadinasiddetedurde,47
carsamba,46
duyguiçinsusma,45
helinpalandöken,45
magazin,45
onurseyityaran,45
antalya,44
fakirliknedir,44
kadınkatliamıvar,44
twitterçapkınları,44
helptwitter,43
istanbul,43
yeterartık,42
flaş,41
kadınlarıngözüüzerinizde,41
mertcanavcı,41
üçmaymunuoynamayın,41
asktaktikleri,40
gülistandokunerede,40
idam,40
mehdi,40
sinovac,40
kadincinayetlerinidurduracagiz,39
27kadın,38
emekister,38
guelistandokunerede,38
gülistandoku,38
menteşe,38
ozgecanaslan,38
sulecet,38
yağmur,38
emanet,37
gaziüniversitesi,37
kadınhakları,37
turkey,37
basakcengiz,36
handekader,36
akyaka,35
bursa,35
cumamızmubarekolsun,35
dolar,35
ulusalçıkarımızdır,35
yunanistan,35
çarşamba,35
kadıncinayetlerineson,34
senkimsin,34
solhaber,34
ula,34
bitlis,33
muegeanli,33
nazlıcanyurtözürdile,33
tuzyoktuz,33
çöktü,33
dikgazete,32
ezgimola,32
hakkari,32
kadınasiddet,32
oezgecanaslan,32
yemeksepetiboykot,32
8martdunyakadınlargunu,31
hayvanasiddetsucsayilsin,31
malatya,31
bist,30
bodrum,30
faturayayüksekgelmesindiye,30
kadinasiddetehayır,30
kılıçdaroğlunesöyledi,30
ziraatbankasi,30
şebnemşirin,30
8mart,29
güncel,29
12nisan,28
benimleevlenirmisinezgi,28
chpyeoymoyyok,28
erdogan,28
kadin,28
mahkeme,28
mutluyıllar,28
ampulepüfde,27
bitcoin,27
doğalgaz,27
emrebelözoğlu,27
guendem,27
kadıncinayetlerinidurduracağız,27
motorin,27
nadirakadirova,27
saltanatınkaldırılması,27
skandallarpartisi,27
srebrenitsa,27
sınırlarıkapat,27
yalan,27
corlutrenkatliamı,26
fatmaşengül,26
güledacankel,26
21temmuz,25
2ekim,25
mugeanli,25
seldataş,25
sevtapşahinkatledildi,25
sözleşmecinayetleriartırıyor,25
yargıdizi,25
6284uygulayın,24
ahaber,24
ankara,24
bıst30,24
cumartesi,24
damlahoruz,24
elektrikzammı,24
ikranurtirsi,24
kadınaşiddeteson,24
kimseoruçtutmakzorundadeğildir,24
lanzoretesözleşmesiuygulansın,24
repost,24
zeytinağaçlarımadokunma,24
ülkemdemülteciistemiyorum,24
şiddet,24
şiddetehayır,24
başakcengiz,23
btc,23
canlıyayın,23
hekimoğlu,23
sağlık,23
ziyabakanistifa,23
ötvsizotomobil,23
şaşırmadık,23
avukat,22
canlı,22
gundem,22
habertakvimi,22
persembe,22
akilligundem,21
eytpazarlıkyapmayacak,21
genel,21
hayatınızınheranında,21
kanunisultansüleyman,21
lastesis,21
mebonlinedevam,21
rabianazaneoldu,21
seskaydı,21
yenihayat,21
chpdezincirlemetaciz,20
darbeciyidurdurun,20
demetmutlu,20
eskitürkiyeyiözledik,20
haberlerspor,20
hizan,20
lastesisideğilkatilleriyargılayın,20
perşembe,20
polis,20
sençalkapımı,20
yavşaksensinfatih,20
önlemyokonlineşart,20
14şubatsevgililergünü,19
beylikdüzü,19
btp,19
challengeaccepted,19
denizpoyraz,19
ferayşahin,19
greece,19
haberleriekonomi,19
hayırlısabahlar,19
hüseyinbaş,19
ibrahimzaraptutuklansın,19
musaorhantutuklansın,19
russia,19
trendyol,19
yeniprofilresmi,19
audi,18
ayasofya,18
açıklama,18
banabak,18
duruşma,18
ekonomiyiunutma,18
fatihterim,18
harfdevrimi,18
ihanet,18
masumlarapartmanı,18
rabianaz,18
sevgililerguenue,18
24ocak,17
6284tamuygulansın,17
arkasokaklar15,17
borsa,17
chpmuğla,17
eceüner,17
ekonomi,17
enginözkoç,17
ipeker,17
kuzeymarmaraotoyolu,17
kıssaatiuygulansın,17
mersin,17
muhtarroketcilerekayıyor,17
seninleyiztalha,17
sessizkalmayın,17
tbmmhareketegeç,17
tesla,17
tuzlama,17
tvahaber,17
umutnerede,17
özgecan,17
11temmuzdünyanüfusgünü,16
adsvbjk,16
akınakınözü,16
arkasokaklarankarada,16
ayfer,16
busenede31,16
chpdenuzakdurun,16
chpdeyinetaciz,16
demetakalın,16
dürüstoltransfermarkt,16
günaydın,16
ibbçalışmıyor,16
kriptoparayasaklanmasın,16
mugeanlı,16
siddetehayır,16
susma,16
trendyolzam,16
tuncelkurtiz,16
vesiledönmez,16
volkanuzun,16
volkanuzunkatildir,16
öldürüldü,16
öykükarayel,16
28yearswithselena,15
artıkyeter,15
asayiş,15
atatürk,15
avcı,15
ayberkpekcan,15
aydınhaberleri,15
aydınüniversitesikapılarıaç,15
aylinsozer,15
bist100,15
ceza,15
erdoğan,15
guendemikacırma,15
magazine,15
mervenurpolat,15
mustafakemalatatürk,15
nehaber24,15
paribuyasaklansın,15
rezanepözdemir,15
tecavüz,15
tokat,15
yazokuluyalanoldu,15
özürdileerdoğan,15
üniversitelikız,15
καστελοριζο,15
arifverimlihaddinibil,14
asgariücret3100tl,14
asgariücret4000,14
atakan,14
ayasofyacamii,14
aynentv,14
fatmagirik,14
foxhaber,14
gastepress,14
gbvbjk,14
istanbulsözlemesiyaşatır,14
kadınasiddetehayır,14
kastamonu,14
koyimhdpye,14
metinavcı,14
pcrbitersepandemibiter,14
profilimekimbaktı,14
sahillerhalkındır,14
siyaset,14
teröristdeğilizankaragüçlüyüz,14
womensday,14
22temmuz,13
ağlarsa,13
btcturkyasaklansın,13
herşeyezammaaşayok,13
kadınatecavüzehayır,13
kadınlar,13
karabağazerbaycandır,13
magazinhaberleri,13
meteoroloji,13
muenevverkarabulut,13
retweet,13
sondurum,13
spor,13
sılaşentürk,13
tt,13
tukenmezhaber,13
umutasesol,13
13uencuecbmilletten,12
aile,12
birbilge,12
fatihçekirge,12
gaziantep,12
halktv,12
hayirlicumalar,12
hayvanasiddetsuctur,12
herkeskonusacak,12
mervekotan,12
morardınızmı,12
psikologlarkanunu,12
ultraslanunı,12
27aralık1919,11
29kadın,11
adana,11
akparti,11
almanya,11
arıza,11
askimemnu,11
atamizindeyiz,11
azraguelendamhaytaoğlu,11
bütceden50binogrt,11
carsıpazaryanıyor,11
cnnplus,11
euro2020,11
eylemhıdırtepe,11
habererk,11
habertuerkmanset,11
halilibrahimceyhan,11
ifade,11
kadınakalkanellerkırılsın,11
kadınlarbirliktegüçlü,11
katilinpartisiolmaz,11
kemalizmsapıklıktır,11
koronavirüs,11
muratovuc,11
müslümannoelkutlamaz,11
ortadayönetimyok,11
oyununfarkındayız,11
seldatas,11
sol,11
sosyalmedyamadokunma,11
survivor2022allstar,11
womensupportingwomen,11
yasauydurmayın,11
yasdem,11
yenihayat2sezon,11
yeniyıl,11
youtuber,11
ziyaselçukladevam,11
özürdilekemal,11
öğrenci,11
üniversitedenatılıyoruzhaftanın,11
şiddetidurdur,11
aklınızdanbilegecirmeyin,10
akpsiztürkiyeyiözledik,10
anahaber,10
araba,10
ayşetubaarslan,10
azragulendamhaytaoglu,10
bilmesekdeolur,10
bodrumageldik,10
cerenozdemir,10
chpdetecavüz,10
chpningerçekyüzü,10
duymuyorlar,10
gerginimçünkü,10
insan,10
navtex,10
otogaz,10
oyiçinkapımagelmesakın,10
sevgililergunu,10
sinavdayokuz,10
survivor,10
tahliye,10
xiaomidezafer,10
öğrencilerölmekistemiyor,10
üniversite,10
14subat,9
8m2022,9
akp,9
baba,9
bursahaberleri,9
busonolsun,9
cezaevi,9
chpdesessizlik,9
coronavirus,9
cuma,9
devletbabadır,9
duaseferberliği,9
durdurmakiçin,9
ekgyo,9
evli,9
hazaltektaş,9
hercai,9
istanbulsoezlesmesisart,9
kadınasiddetesessizkalma,9
kadınaşiddeteenağırceza,9
kadınkatliamlarıpolitiktir,9
kadınlarölmesin,9
kadınyaşamakister,9
kaza,9
kemaltürkler,9
keşif,9
memur,9
merveyeşiltaş,9
munevverkarabulut,9
muratövünç,9
musaorhantutuklansin,9
nadirayaneoldu,9
nedensusuyorsunkemal,9
needforspeed,9
neredennereye,9
onyedi,9
paragündem,9
reisnederseo,9
sanalgazeteci,9
sosyal,9
sosyalmedya,9
sosyalmedyayasası,9
sueleymangirgin,9
tutuklama,9
tuğbakeles,9
tuğbakeleş,9
undercover,9
unutma,9
volkanuzunsapıktır,9
yanlızdeğilsin,9
yesimsalkım,9
yeşilgazete,9
üniversitedenatılıyoruz,9
14subatdenilince,8
22kasımdaeylemdeyiz,8
25kasımkadınasiddetehayır,8
alanyaspor,8
anne,8
aylinsoezer,8
biontech,8
cemal,8
cenaze,8
ceren,8
ceydayüksel,8
covıd19,8
diyarbakıranneleri,8
enflasyon,8
fethisekin,8
fikrinizbozuk,8
findynews,8
gsvbjk,8
gulistandokunerede,8
gülistandokubulunsun,8
güncelhaberler,8
hakim,8
haluklevent,8
haticetusu,8
hatırlamakiçin,8
hurriyet,8
intihar,8
ismailkılınçkatledildi,8
istanbulkar,8
italya,8
iyiparti,8
jurnalci,8
kabine,8
kabuletmiyoruzvazgeçmiyoruz,8
kadincinayetleri,8
kadirşeker,8
kadıncinayetlerinehayır,8
kadındayanışmasıyaşatır,8
kadınlarbirleşiniz,8
kadınyaşamdır,8
katilzanlısı,8
medya,8
milletvekili,8
news,8
onlineeğitimsart,8
otomobil,8
receptayyiperdogan,8
reymir,8
sakaryamokuyor,8
sansüryasasınadurde,8
sessizkalma,8
showtv,8
sueleymansoylu,8
sözünbittiğiyer,8
tbmm,8
tecavüzehayır,8
tomrisuyar,8
twittercapkınları,8
valentinesday2022,8
varil,8
zaynalıkimkoruyor,8
çilemdoğan,8
ölmekistemiyorum,8
özsavunmahaktır,8
öğrenciaffı,8
8m2021,7
8martdunyaemekcikadinlargunu,7
aleynacakir,7
atatürküsevmiyorum,7
ayşepaşalı,7
bagimsizhaber,7
bizkemalistiz,7
bombagazete,7
bıçakkemiğidelipgeçti,7
ceset,7
chpnepartisi,7
chpyalanları,7
cüce,7
dersimkadınplatformu,7
değerdeniz,7
dokuz8,7
dolartl,7
durusma,7
duyguicinsusma,7
ek40binebayrammüjdesi,7
esnafındurumu,7
eğitimdentasarrufolmaz,7
fenerbahce,7
fenerbahçe,7
feyzayaneoldu,7
gamzeyesesol,7
göreceğizçarşambanolacağını,7
gülistanıistiyoruz,7
haberdairesi,7
haberinkalemi,7
hatayspor,7
hayırlıhaftalar,7
hristiyanaözenme,7
itiraf,7
kadinlargunu,7
kadirşekeriçintahliye,7
kadınasiddeteson,7
kadınatacizehayır,7
kadınavahşetehayır,7
kadıncinayetlerinidurdurun,7
kadınlaradokunma,7
karaparaaşk,7
kayseri,7
leyla,7
milletbıktı,7
mskü,7
muratövüç,7
nadirakadirovayaneoldu,7
oetvsizotomobil,7
polisiminyanındayım,7
protestoediyorum,7
savcı,7
sevtapşahin,7
taciz,7
tarkan,7
tecavüzyalançıktı,7
trump,7
tubabüyüküstün,7
usdtry,7
vanhaber,7
vanhaberleri,7
yumurta,7
yıldıztilbehaddinibil,7
ösym,7
özgecanarslan,7
şeymayıldız,7
60yıllıközlemsonaerdi,6
6284yaşatır,6
abd,6
alevinet,6
arapca,6
arkasokaklar,6
basbelası,6
beton,6
beşiktaşınmaçıvar,6
boyuneğmeyeceğiz,6
boşanma,6
briket,6
canli,6
canselbuse,6
chemtrailstehlikesi,6
covid_19,6
direksiyon,6
dogecoin,6
dünyanınyerelhabercisi,6
eceuner,6
emineyekimtecavüzetti,6
garasehitleri,6
gülistandanvazgeçmiyoruz,6
haftanınyalanları,6
hamdiyeşık,6
herseyezammaasayok,6
hürriyet,6
ibb,6
idamgerigelsin,6
istanbulsözleşemesiyaşatır,6
jandarma,6
jurnalist,6
kadinasiddet,6
kadınlarımız,6
kepez,6
konya,6
korkuyorum,6
kürt,6
kılıçdaroğlu,6
libya,6
maradona,6
marmaris,6
melekipekderhalserbestbırakılsın,6
mertcanavci,6
mervebolugur,6
metincemalavcı,6
müebbet,6
netflix,6
ogrencineguveniticu,6
okadınbenim,6
olayyeri,6
otopsi,6
pazartesisendromu,6
reformicraatdeğişim,6
ripple,6
ronaldo,6
ruhumsıkıldı,6
savcılık,6
sebnemsirin,6
sistemlisoygun,6
sülünosmaniktidarı,6
tarafsız,6
türkulus,6
ultraslan,6
yalnızdeğilsinbizvarız,6
yaşamhak,6
yaşasınfeministmücadelemiz,6
yeşimsalkım,6
zanlı,6
zincirlemekaza,6
çocuk,6
ölmekistemiyoruz,6
ümitcanuyguntutuklansın,6
şevvalsam,6
10kasım,5
12nisancılartutuklansın,5
18monthsmyass,5
5ocaktasokaktayız,5
75milyonsmalicocuklaragitsin,5
8mart2021,5
8martduenyakadinlarguenue,5
a3haber,5
adlarıaklımızda,5
adli,5
adliye,5
akdefterkapansın,5
aleynaçakıraneoldu,5
arzum,5
aslayalnızyürümeyeceksin,5
aydın,5
aytaçkara,5
açlıkgrevi,5
baharö,5
bar,5
barbarossansal,5
baskentte,5
belediye,5
bensözcüokumuyorum,5
besiktas,5
binance,5
boupendza,5
boğaziçirektörseçimiistiyor,5
boğazınkartalı,5
bursatv,5
canataklı,5
cocukistismarinahayir,5
cumhurbaskanıerdoğan,5
cumhurbaşkanı,5
damlahorozbulunsun,5
demet,5
diyarbakir,5
doctorstrange,5
dokuz8video,5
dueruestoltransfermarkt,5
durde,5
duyguicinsesver,5
egitimdentasarrufolmaz,5
ekmeleddin,5
elazığ,5
elmalıdavası,5
elneny,5
elsavador,5
emniyet,5
erkeklerimiz,5
eurusd,5
fatiherbakan,5
geceyenotum,5
gecmisinizinde,5
gelişme,5
gulistandoku,5
güldünyatören,5
gülistandokuiçinsesver,5
gülistandokuyaneoldu,5
haberturk,5
hacettepe,5
hakancalhanoğlu,5
hdpkadınmeclisi,5
hdpliyizheryerdeyiz,5
hdpsaldırı,5
hemensecim,5
hevesbırakmadınız,5
hoştfikohoşt,5
iddaa,5
iddia,5
iett,5
ikranur,5
imrali,5
inat,5
insanhakları,5
insanlık,5
islam,5
istanbulsoezlesmesiuygulanmalıdır,5
istismar,5
iyigeceler,5
kabineonlineeğitimistiyoruz,5
kadergökçe,5
kadirtopbas,5
kadınatacizedurde,5
kadınterörünehayır,5
kadınşiddetinehayır,5
katilyalnızdeğilbiliyoruz,5
kayıp,5
kdvindirimi,5
kemalunsaltutuklansin,5
keşfet,5
korkusuz,5
kötekli,5
melekipek,5
meralakşener,5
mhp,5
migros,5
muglahaber,5
mutlukaya,5
orangetheworld,5
ordu,5
pervinbuldan,5
receptayyiperdoğan,5
reformhaber,5
ruyayayardimedin,5
saglıkbakanıfahrettinkoca,5
soruşturma,5
sosyaltv,5
squıd,5
sumudica,5
superbowl,5
survivor2021,5
sözleşmeyiduy,5
takiyyecichp,5
tamdemokrasi,5
tecrit,5
tehdit,5
tekstildegelecekvar,5
turkiye,5
türkiyeninnabzı,5
xu100,5
yagmur,5
yavuzagiraliogluseninleyiz,5
yavuzbingöl,5
yaşasıninsanlık,5
zainalabakarovyargılansın,5
ziraatbankası,5
ziyaselcuk,5
çocuklarımız,5
ölüm,5
şimdiözgürlükzamanı,5
şulecet,5
100binsilahnerede,4
14şubat,4
24temmuz,4
6284üuygula,4
75milyonlirayla,4
acı,4
adambaşı6700tl,4
adanademirspor,4
adlitıp,4
afyon,4
akar,4
akit,4
akpsiztuerkiyeyioezledik,4
alex,4
allahınsonsuzkudreti,4
aramamotoru,4
arkadaş,4
asayis,4
bendekürdüm,4
beratalbayrakistifaetti,4
berkinelvan,4
beylikduzu,4
biamag,4
birkadındahaölmesin,4
birselayabakar,4
bizseniz,4
bmyfc,4
bueyuekselcuklular,4
bulundu,4
bursahaber,4
camdakikız,4
can,4
ceoem,4
cerenoezdemir,4
chpdecinselsaldırı,4
chpdetacizeörtbas,4
chpnedensessiz,4
cinayeti,4
cinselistismarahayır,4
conor,4
cumhurbaskani,4
dahaiyibiryaşamiçin,4
denizli,4
deryaaslan,4
diawara,4
dilankaratas,4
dilankarataş,4
dilekdoğan,4
dmdfarkındalıkgünü,4
dolar20tl,4
düzce,4
eceuener,4
edaavcı,4
ekremimamoğlu,4
eminekarabulut,4
emineyanıkoğlu,4
entkadın,4
erkekşiddeti,4
erkensecimzaruridir,4
erzincan,4
erzurum,4
eskişehir,4
esrahankulu,4
eytlilerhaykırıyor,4
fbvsgs,4
femicide,4
gazete,4
gazeteciliksucdegildir,4
gazeteciliksuçdeğildir,4
gaziosmanpaşa,4
girgin,4
gsvbarca,4
gulistandokuyasahipcık,4
gölbaşışehirgeçişi,4
gönülgökçe,4
gündenkalan,4
haberankara,4
haftasonu,4
hakkımıhelaletmiyorum,4
hamideyiğiter,4
hapis,4
hayvanhaklarıyasası,4
hayırlıcumalar,4
hazaltektas,4
hdp,4
heran,4
heykeldegilyardımyap,4
iddianame,4
il,4
jennıe,4
kabuletmiyoruzvazgecmiyoruz,4
kadincinayetlerineson,4
kadirseker,4
kadirsekericinberaat,4
kadınadokunma,4
kadınaşidettehayır,4
kadınlarölüyor,4
kadınolmak,4
kadınınadıyok,4
kahramantürkkadını,4
kamera,4
katliam,4
kayıt,4
kazaraask,4
komşu,4
krt,4
kumluca,4
kurban,4
kürtajhaktır,4
leylaaydemir,4
lovesickgirls,4
manşet,4
maskekimsinsen,4
masterchefturkiye,4
mekkeninfethi,4
melisa,4
milas,4
milletbıktısizden,4
milletittifakı,4
minikleyla,4
mordayanışma,4
mortabutlar,4
mugeanliyalnizdegildir,4
muratpaşa,4
mustafakemalataturk,4
neslihanbatur,4
neymar,4
nilguenmarmara,4
ocakmedya,4
oesym,4
olay,4
olumlubirhaber,4
ordumuzdenekdeğil,4
otopsiyiteslimet,4
pazartesi̇,4
penceretv,4
pendik,4
politika,4
rabianazvatan,4
rabiatümkaya,4
reddihakim,4
russiaucraina,4
salemhamdi,4
samsun,4
semaaslan,4
seninleyizerdoğan,4
sevvalsam,4
sma,4
suleymangirgin,4
suleçet,4
susmam,4
susmayacağız,4
sözleşmeyiuygulaşiddetidurdur,4
süheylayılmaz,4
tarafsızbölge,4
tecavüzcüchp,4
tekstil,4
tele1inyanındayız,4
telefon,4
tepki,4
tiktok,4
tugcecelik,4
ucankustv,4
ugurmumcu,4
umitcanuyguntutuklansin,4
vazgeçmiyoruz,4
vicdan,4
yargıtay,4
yazıklarolsun,4
yaşam,4
yemebiziakp,4
yemlee,4
yeni,4
yenigelişme,4
zekiyeof,4
çocuksusarsensusma,4
çocuğu,4
öldürensevgiistemiyoruz,4
şahsiyet,4
şanlıurfa,4
şüpheli,4
τουρκια,4
10ekim,3
11nisan,3
34añosdehistoria,3
3sayfa,3
50m2,3
5aralıkdünyakadınhaklarıgünü,3
6284sayılıkanun,3
6284uygulansın,3
6eyluelsoykırımı,3
8martdunyakadınlargünü,3
adlitıpraporu,3
afyonkarahisar,3
ahlak,3
aklınızdanbilegeçirmeyin,3
akpsiztuerkiyeistiyoruz,3
akılçemberi,3
alaturkaonline,3
aligülertutuklansın,3
allahbelanızıversın,3
allahısonsuzkudreti,3
alperenduymaz,3
annesinin,3
arakarar,3
arzuaygün,3
arzukol,3
asgariucret,3
avcıailesi,3
avcıailesiyargılansın,3
ayasofyadacumanamazı,3
ayasofyadailkcuma,3
aybükepusat,3
aydin,3
aylinalkutay,3
azraguelendam,3
azragulendam,3
bacımabaret,3
bahar,3
baharözcan,3
barismuratyagci,3
basgz,3
basınbayramı,3
bayrak,3
başkan,3
bensunarlı,3
berlin,3
betültuğluk,3
beşiktaş,3
biblia,3
birkezolsunsesver,3
bitmeli,3
bitsinartık,3
bizkadirşekeriz,3
bnb,3
borsaıstanbul,3
boşnak,3
breakingnewsturkey,3
bugünbirdahaöldük,3
bugündeölmedimyasen,3
burakaykultutuklasın,3
büyükselçuklular,3
caycıhueseyin,3
cemilmetinavci,3
cemilmetinavcı,3
cerenkultaş,3
cernobil,3
challangeaccepted,3
chp117gündürnedensessiz,3
chpdenitiraflar,3
chpli,3
cilemdoğanaoezguerluek,3
cocuksusarsensusma,3
crypto,3
cumhurbaşkanıerdoğan,3
cübbeli,3
cübbeliahmet,3
dahaadilbirdünyamümkün,3
dalaman,3
datça,3
davası,3
davasında,3
demetevgar,3
derttaşmıştalepaltmış,3
detay,3
dilekkaya,3
diyanet,3
diyanetkapatılsın,3
dolar18tl,3
dolu,3
donnerstag,3
doğrutercih,3
doğruyoldasın,3
durdurmakmümkün,3
duyguicingizlilikkalksın,3
duyguicinsonses,3
duygusuziftira,3
edanur,3
edanurkaplan,3
edemedim,3
edser,3
elite,3
emektarucretliogretmenekadro,3
eneskara,3
epözdemir,3
erkek,3
ertelendi,3
erzurumkongresi,3
esraerol,3
esraerolkapatılsın,3
ev,3
evdeveyakampüste,3
eylem,3
faturayayueksekgelmesindiye,3
feminist,3
fethiye,3
fetönünsiyasiayağıchp,3
flash,3
fransa,3
freeporçay,3
futbol,3
fıratyılmazcakıroğlu,3
gabaryanıyor,3
gaffarokkan,3
galaxys22,3
gamzeesgicioğlu,3
gayda,3
geceyebirsözbırak,3
geliyorgelmekteolan,3
genctvkibris,3
gençsinöndeyürü,3
gezi,3
gunaydın,3
görüşme,3
gülistansız1yıl,3
günakşamda,3
gündemhaberleri,3
günortası,3
gününkarikatürü,3
haberbuadreste,3
haberizle,3
haddinibilersoydede,3
hastane,3
hatay,3
hatırlayacağız,3
hayat,3
haytap,3
hazalsubaşı,3
hdpdetecavüz,3
hdpkadın,3
helaletmiyorum,3
hepbirlikteartıkyeterdiyoruz,3
hilafetistiyoruz,3
hizmet,3
hiçbirkadınölmesin,3
hsk,3
hts,3
hukukhaberleri,3
ibrahimtatlıses,3
idamıgetirtecavüzcüyübitir,3
idamşart,3
ihbar,3
isarıyorum,3
istanbulsoezlesmesindenvazgecmiyoruz,3
istanbulsoezlesmesiniuygula,3
istifa,3
itiraz,3
iyibayramlar,3
iyidiyorsunda,3
işkence,3
jesus,3
kabuletmiyoruz,3
kadergüneş,3
kadinaşiddetehayır,3
kadininfenni,3
kadininfenniekibi,3
kadinlargunukutluolsun,3
kadinlaryasamakistiyor,3
kadinolmak,3
kadınasiddetetepkisizkalma,3
kadınaşiddetsonbulsun,3
kadınkatliamınason,3
kadınlarölüyorsusma,3
kadınlarıdeğilkatillerinidurdurun,3
kadınlarınarabasıaudirs6,3
kadınmücadelesiengellenemez,3
kadınşiddeti,3
kanun,3
karaman,3
karamandanhaber,3
karamangündemi,3
karamanhaber,3
karar,3
kararara,3
katledilenkadınlarisyanımızdır,3
kavun,3
kemalkılıçdaroğlu,3
kibrisgenctv,3
kocaeli,3
konyadakarbereketi,3
kykyurt,3
küfürsüzhayatmümkün,3
kısas,3
kısastahayatvar,3
kısastahayatvardır,3
kız,3
kızımı,3
lanetolsunboeyleduezene,3
larin,3
lgbt,3
lisebjk,3
magazinsortie,3
mahkum,3
maliyebakani,3
maskeniçıkar,3
maç,3
mehmetözer,3
melek,3
melekaslan,3
melekgürler,3
mercanavcı,3
merkezi,3
merveaslan,3
mervekonukoğlu,3
metin,3
metinlokumcu,3
mhpkapatılsın,3
mhpmillettir,3
milliyasilanedilsin,3
mkperker,3
moda,3
morgündem,3
mudahale,3
muegeanlıiletatlısert,3
muesluemannoelkutlamaz,3
mutasyon,3
muğlaadliyesi,3
nafaka,3
naylon,3
nazmiyekoyuncu,3
neleroluyorhayatta,3
nurdanbudak,3
nurhayatbeytekin,3
nurtaçcanan,3
objektifpress,3
okullaraçılıyor,3
onurtuna,3
operasyon,3
ozgecan,3
oğuzardasel,3
pakistan,3
paramızlaeylemyapıyoruz,3
park,3
pcrbitersepandemibitern,3
picemiyeti,3
polismudahalesi,3
profecias,3
protesto,3
pubg,3
rapor,3
rezaletesusma,3
rezan,3
ricardoclaurepeñaloza,3
rize,3
ruyaninsesiol,3
ruyayadestekol,3
rüşvettacizelele,3
sagopakajmer,3
sakarya,3
salvarelalmahastadelultimohombre,3
samsunhaber,3
samsunspor,3
sanasöz,3
sanemkafalı,3
sanık,3
saray,3
saygı,3
sağlıkbakanıfahrettinkoca,3
sedakuzucu,3
sedefkabas,3
selahattinkaramantutuklanmalı,3
selimepişkin,3
selçuk,3
serikatilchpde,3
sessizkalmayacağız,3
sevgi,3
sevgipolat,3
sezenkaplan,3
siddetehayir,3
siha,3
sinemyurdanur,3
sinfoniascelestiales,3
siyah,3
sondakikhaber,3
sonyazatv8dedevam,3
sosyalhizmet,3
sosyalmedyayadokunma,3
sozleşmeyiduy,3
suruç,3
survivorallstar2020,3
suskunkalamayız,3
susmayacagız,3
suç,3
sözverenlerhesapversin,3
süleyman_girgin,3
sümeyye,3
talep,3
tatil,3
tazminat,3
tecavuz,3
temmuz,3
teşhis,3
togg,3
toplumsalcinsiyeteşitliği,3
trhaber,3
trvia,3
tsk,3
tubatokbas,3
tuerkiye,3
turkrad2020,3
twitter,3
türkiyedekadınolmak,3
türkonfed,3
tıp,3
ukrayna,3
ulusal,3
umutbulut,3
usdt,3
vahşetesessizkalma,3
vekil,3
vicdansız,3
whatsapp,3
womenempowerment,3
yatağan,3
yaşamhaklazım,3
yaşarkemal,3
yenicizgihaber,3
yerel,3
yerkesik,3
yılbaşı,3
zina,3
zümrüter,3
çalarsaat,3
çağdaşgençlik,3
çiğli,3
çorum,3
çydd,3
ölümadınkadınoldu,3
özgürlük,3
özrükabahatindenbüyük,3
özürdile,3
ücretliöğretmen,3
şahibealtıntaş,3
şule,3
14subatsevgililergunu,2
15temmuz,2
1kasım,2
1mayıs,2
200gündürgülistanbiziz,2
2020ninkaybedeni,2
2021tayfa,2
23temmuz,2
25kasım,2
61medya,2
6284yasayıuygula,2
6284üuygulakadınıyaşat,2
7eylul,2
8martduenyaemekcikadınlarguenue,2
8martdünyaemekcikadınlargünü,2
8martdünyaemekçikadınlargünü,2
8martdünyakadinlargünü,2
8martkadınlargünü,2
acıkalandamaskeyehayır,2
adam,2
afad,2
afganistan,2
afrasiyabtutuklansın,2
ahlaksız,2
ailesi,2
akaryakıtzammı,2
akrep,2
alanya,2
alanımısavunuyorum,2
aleynacakıraneoldu,2
aleynacan,2
aleynaçakir,2
aliismailkorkmaz,2
alisan,2
allahbelaniziversin,2
alperkin,2
alsancak,2
altin,2
altınelbiseliadam,2
alçalırbeşer,2
alışmatürkiye,2
amedspor,2
andımız,2
anonymous,2
antalyaspor,2
araclardaötvkalksın,2
armenia,2
artikyeter,2
arzuaygun,2
astroloji,2
avcilar,2
avcının,2
avrupa,2
avsplatformu,2
aybükeyalçın,2
aylinsozersusmayalim,2
aym,2
ayşehündür,2
ayşetubaaslan,2
azerbaycan,2
azraguelendamhayatoglu,2
azraguelendamhaytoğlu,2
azragulendamhayatoglu,2
açıkvenet,2
ağırlaştırılmışmüebbet,2
aşıkoldum,2
babalargünü,2
babiskoloji,2
baekyeon,2
bakanlık,2
bankalar,2
barbarosşansal,2
bartın,2
barışatay,2
batman,2
bağ,2
bağevi,2
başakşehir,2
başkentteesnafadestek,2
başsavcılık,2
başsağlığı,2
bddk,2
bedel,2
beratalbayrak,2
berkatan,2
besiktasinmacivar,2
beykozüniversitesi,2
beşiktaşaygazseninle,2
bidon,2
bilgebaşak,2
bilim,2
bir,2
birkadındahakatledilmesin,2
bitlisbülten,2
bitsinbuvahşet,2
bizeheryertürkiye,2
bogazicisusma,2
bogaziciuniversitesi,2
boya,2
boğazici,2
btcusd,2
bts,2
bu,2
budüzendeğişmeli,2
buenkazıkaldıracağız,2
bufaturalarödenmez,2
burdur,2
busevarol,2
buyasakabuledilemez,2
buülkedekadınkatliamıvar,2
bıcakkemiğidelipgecti,2
bıktık,2
cafe,2
canikatil,2
canlarımız,2
canlıhaber,2
cansukaya,2
cardano,2
cbocakta60binmüjde,2
cemalmetin,2
cembar,2
cenktosun,2
cerenduman,2
cerenözdamar,2
cezasızlıközendiriyor,2
chpahlaksorunudur,2
chpbilecikrezaleti,2
chpdetaciztecavüz,2
chpkadıköygençlikörgütü,2
chpkapatılsın,2
chpmuğlamilletvekili,2
chpşişliilçe,2
chungha_bicycl,2
cilemdoğan,2
cilemkılıc,2
cinayetdavası,2
cinselistismar,2
cinseltaciz,2
cma,2
cocuklarıkimkoruyacak,2
corona,2
covid19,2
covıd20,2
cryptocurrency,2
csgo,2
cukur,2
cumartesianneleri,2
cücebar,2
dahaiyibiryasamicin,2
damat,2
datçabelediyesi,2
davadanvazgecin,2
davadanvazgeç,2
davadanvazgeçin,2
defin,2
defneçoban,2
dejavu,2
delilkarartmak,2
demetakalınkapatılsın,2
demetoezdemir,2
demetözdemir,2
denge,2
denizbaysal,2
denizbulutsuz,2
denvertestimedokunma,2
depremizmir,2
derhalcevapverchp,2
destek,2
devletbahceli,2
didemmadak,2
dilarayıldız,2
diyarbakır,2
dna,2
dolar18,2
dolar7,2
dolar9,2
dolarla,2
donaldtrump,2
doğancüceloğlu,2
doğruladı,2
dshaber,2
duygucelikten,2
duygudeleninsesiyiz,2
duyguicinadelet,2
duyguyaneoldu,2
duyguyuunutmadık,2
dönmesin,2
dünneoldu,2
ebruşahin,2
ecrinbebek,2
efeler,2
ege,2
eksiklikfaslı,2
elon,2
eminegokkiz,2
emircanigrek,2
enflasyonmemuru7,2
engelliler,2
erdoğana5816davası,2
eregli,2
erkekvahşeti,2
erkensecim,2
erkensecimibekliyoruz,2
esingüneş,2
eski,2
eskisevgili,2
euro2020final,2
euro20tl,2
evlatchallenge,2
exo,2
eylül,2
eylülbebek,2
eytalgılarainanmaz,2
ezgimolayalnızdeğildir,2
eğitimşart,2
eşitiz,2
fahişe,2
fahrettinkoca,2
faillerisorgula,2
fatmamavi,2
fatmayasesol,2
feminism,2
finike,2
forex,2
gamer,2
gamzeaçar,2
gara,2
gazapizm,2
gebze,2
geceeditörü,2
gecekusu,2
geceyebirayet,2
geceyebirnot,2
geceyesözbırak,2
gekapbizimişimizdeğil,2
gelecek,2
genelbaşkanı,2
genç,2
geridekalsın,2
gizemfiliz,2
gomis,2
gonuldagi,2
gramaltın,2
gsvfb,2
guenaydın,2
gözaltı,2
gülistandokuyasahipçık,2
gülşen,2
güncelhaber,2
güncelleme,2
günebirayet,2
günün11,2
güvenlik,2
haberkafası,2
hadibakalımdemetakalın,2
hadise,2
hafizegünakın,2
hak,2
hakaret,2
hakimkarşısında,2
halat,2
halukbilginer,2
hanker,2
hareketegeç,2
haticedüzduran,2
haticesoysal,2
hayvan,2
hayvanlarınsesiol,2
hayır,2
hbrler,2
hdp_mugla,2
hdpkapatılsın,2
hdpsusturulamaz,2
helpturkey,2
hemşirenöbetteöldü,2
hendek,2
hentbol,2
hgs,2
hollanda,2
hukuk,2
huysuzvirjin,2
hükümetistifa,2
hülyakoçyiğit,2
iban,2
idamcezası,2
ifadesi,2
iktisat,2
ilişki,2
inatkazanacak,2
inceleme,2
infaz,2
insanız,2
intihardeğilcinayet,2
iphone11,2
irfanuzun,2
ispartayaniyor,2
istanbulsoezlesmesinehayır,2
istanbulsözleşnesiniuygula,2
istiyoruz,2
itaatetmiyoruz,2
itvhaber,2
izmitaşkına,2
içi̇n,2
işarıyorum,2
kades,2
kadinakarsisiddet,2
kadinaşiddetedurde,2
kadinaşiddetehayir,2
kadincinayetleripolitiktir,2
kadirşekermeşrumüdafaa,2
kadıköy,2
kadın_cinayeti,2
kadınakatliamason,2
kadınasiddetehayir,2
kadınataciz,2
kadınavahşet,2
kadınaşiddetedur,2
kadınaşiddetehayir,2
kadınaşiddetinsanlığaihanettir,2
kadınaşiddetpotiktir,2
kadınaşittedehayır,2
kadındayanışmaderneği,2
kadındayanışması,2
kadınfidanyaşam,2
kadınhayattır,2
kadınkadınınyurdudur,2
kadınkatliamı,2
kadınlaranefes,2
kadınlargününüzkutluolsun,2
kadınlarsusmayacak,2
kadınlaryasamakister,2
kadınlaryaşasın,2
kadınmeclisi,2
kadınmeclisleri,2
kadınız,2
kadınşiddetinedurde,2
kaftancıoğlu,2
kalben,2
kampüslerdeneliniçekchp,2
kanlaçizilensınırgeçilemez,2
kanunisultansüle,2
kanunusultansüleyman,2
karabağlar,2
karadeniz,2
kararıgeriçek,2
kardeşi,2
kars,2
karyağıyor,2
kasvfb,2
katildir,2
katillersokakta,2
katillersokaktaazmettirenlermecliste,2
katilpkk,2
katledildi,2
katledildiğiyerde,2
kavaklidere,2
kavga,2
kayseriticaretborsası,2
kayyum,2
kazdağlarıhepimizin,2
kemaldelbe,2
kemalistlinç,2
kilicdaroglu,2
kocaman,2
konumuzbuolmasaydı,2
kralcıplak,2
kredi,2
kurdistan,2
kurtlarvadisi,2
kurumu,2
kuşadası,2
köyceğiz,2
laiktürkiyecumhuriyeti,2
leman,2
leylabebek,2
leylailemecnun,2
magazinhaber,2
malazgirt,2
maske,2
masumiyet,2
medyavatan,2
mekanıcennet,2
mekanıncennetolsun,2
melekarslan,2
melikedemirci,2
meltemkaraslan,2
meralsivrikaya,2
meralşen,2
merhamet,2
mersinimecegazetesi,2
mertfırat,2
merveyesiltas,2
meteoryağmuru,2
metoo,2
mezarlık,2
mezarlığına,2
mhkistifa,2
minikeylül,2
mittwoch,2
mugeanliozurdile,2
muhsinyazicioglu,2
muhteremevcil,2
musaorhan,2
muğladacüce,2
muğlahaberleri,2
mücellademir,2
müneverkarabulut,2
münevver,2
müyesseryıldız,2
müzik,2
nadiranasilöldü,2
nadiranasılöldü,2
nasdaq,2
nazli,2
nazlı,2
nazımhikmet,2
nct127,2
nct127_gimmegimme,2
necipfazıl,2
neden,2
nefretdili,2
nepcrneası,2
neslihanatagül,2
netflixturkey,2
nevinyildirim,2
nft,2
nurbarimircihan,2
oezgecanaslanunutmadık,2
oezsavunmahaktır,2
okullar,2
okullarıbirlikteaçacağız,2
opdromerlutfiakgul,2
ormanlık,2
ortaca,2
ortadayoenetimyok,2
osmançallıtutuklansın,2
osym,2
otopsiraporu,2
oymoyyok,2
ozangüven,2
patavatsızdemet,2
paylaşbenimle,2
paylaşım,2
pazarkeyfi,2
pedofılı,2
pesiad,2
piyasalar,2
polisiminyanindayim,2
polisinbayramıyok,2
polisşiddetineson,2
polkadot,2
pubg_mobile,2
pubgmobiletürkiye,2
pubgtürkiye,2
receptayiperdoğan,2
rehbertv,2
rezanepozdemir,2
rezilcehape,2
rezilmuhalefet,2
roboskikatliami,2
rte,2
rterdogan,2
rueyayasesol,2
rüyayasesol,2
sabahattinali,2
sadakatsiz,2
sadecehabertürkte,2
sagliktayoneticizulmu,2
saldırı,2
sali,2
sananerıdvan,2
sapıklık,2
sarıyer,2
sayenizdeyaşayamazolduk,2
sağlıklı,2
seher,2
selahattindemirtas,2
selahattinuzun,2
semaesen,2
sen,2
serenserengil,2
serpilfikirli,2
sesimiziduyanyokmu,2
sesimiziduyun,2
sesver,2
seydikemer,2
sezaykoçak,2
sezenaksu,2
sgkzolgensmayıkarşıla,2
showtvboykot,2
sibelkaya,2
sigarachallenge,2
silasenturk,2
simdigainzamanı,2
simit,2
sinan,2
sinop,2
sivasspor,2
siverektekikatliamınpesindeyiz,2
smahastalarınınsesiniduy,2
smatip1,2
sncbokuloencesindekararkimin,2
sokakhayvanlarısahipsizdeğil,2
sonolsun,2
soundcloud,2
sporfair,2
spot,2
squidgame,2
stk,2
stop,2
stopfeminicides,2
stopputinnow,2
stopviolenceagainstwomen,2
sueleymangirginistifa,2
suriyeli,2
survivorpanorama,2
susmabitsin,2
susmatürkiye,2
susmuyoruz,2
suçatarafolma,2
süperlig,2
tabela,2
tacizcicehape,2
tacizekarşısusma,2
takip,2
takiyecichp,2
taliban,2
tamkapanma,2
tanık,2
tarikatlarkapatılsın,2
tarım,2
tbmmharaketegeç,2
tcmb,2
tecavuez,2
tecavuezesusma,2
tecavüzesusma,2
tecavüzleriörtmekemal,2
teketek,2
teknoloji,2
telefonkayıtları,2
temiztwitch,2
tepkiçekenpaylaşım,2
terbiyesiz,2
tercih,2
tercihimmeslekieğitim,2
test,2
testyokthy,2
tezgahvar,2
teşkilat,2
thyao,2
ticaret,2
tip,2
toplumsalcinsiyet,2
topukluefe,2
trabzon,2
transfer,2
trnews,2
truvaatıchp,2
tubatokbaş,2
tuerkiyekitapokuyor,2
tumaçelik,2
turkish,2
tweet,2
tüik,2
türk,2
türkanşoray,2
uemitcanuyguntutuklansın,2
uludag,2
umitcanuyguntutuklansın,2
universite,2
unutmadık,2
unutmayacağız,2
unutturmayacağız,2
urazkaygılaroğlu,2
uykularınızkacsın,2
uyuşturucu,2
uğurlarolsun,2
vahşet,2
vahşice,2
vesiledoenmez,2
vesiledonmez,2
vicdansızlar,2
vimeo,2
vitrinmankeni,2
volkanuzunnerede,2
woman,2
women,2
womenempoweringwomen,2
womenpower,2
womensupportwomen,2
yahibrityaistifa,2
yalova,2
yangın,2
yapıkrediparamıver,2
yaralı,2
yardım,2
yarımkalma,2
yasakelma,2
yasamakistiyoruz,2
yasauygulansınkadınyaşasın,2
yayla,2
yağmurtayhan,2
yaşamhakkınasaygı,2
yaşıyor,2
yeldanakaharman,2
yenicizgigazete,2
yenidünyadüzeninehayır,2
yerliotomobil,2
yeşilgündem,2
yeşilhaber,2
yks2021,2
yks2022,2
yunan,2
yunusemre,2
yüreğir,2
yüzdeyüzşampiyon,2
zaferpartisi,2
zam,2
zaporizhzhia,2
zehra,2
zübeydedelen,2
zülalkalkandelen,2
zülfülivaneli,2
zümrüt,2
çalışma,2
çarsamba,2
çağlayançetin,2
çekirgemagazin,2
çepni,2
çevre,2
çilemkılıç,2
çocukistismarınahayır,2
öldürmenin,2
ölü,2
örgütlenmekyaşatır,2
özel,2
özelhaber,2
özgecenaslan,2
özgürhaber,2
ülke,2
ümitcanuygun,2
üçkızkardeş,2
ılcey,2
ınceptıon,2
ırkcıkadıntutuklansın,2
şems,2
şerefsiz,2
şeriat,2
şiddetedurde,2
şiddetehayir,2
şiddetin,2
şirinevler,2
şükrüerbaş,2
şüphe,2
ψkirmizicizgi,2
10kasim1938,1
10kasım1938,1
10yearsofonediretion,1
113dolar,1
11temmuz,1
11temmuzdünyanufüsgünü,1
11şubat2015,1
11şubatözgecanaslan,1
128milyardolarnerede,1
12temmuz,1
14marttıpbayramı,1
14şubatmuğlaadliyesi,1
14şubattrending,1
15temmuzun,1
15şubat,1
15şubat2021,1
17aralık2016,1
18martcanakkalezaferi,1
18yılınenkazı,1
1ocak2021,1
1temmuzdaisyandayız,1
2020giderken,1
2020yebirsoezbırak,1
2021de,1
2021yeniyil,1
20liyaslarchallenge,1
20mart,1
20yılneyaptınız,1
22aralık1914,1
22kasımdakadıköydeyiz,1
22subat2022,1
22şubat2022,1
23temmuz2020,1
24haberbursa,1
25kasımdakadıköydeyiz,1
25kasımkadınasiddetlemucadelegunu,1
25mart,1
25temmuz,1
27doenempomem10binolsun,1
28kadın,1
28subat,1
2eylül,1
3ocak,1
4ekimhayvanlarıkorumagunu,1
56gündürsessizler,1
5liçeteyargılanacak,1
60yıllıkoezlemsonaerdi,1
60yıltrenindeyim,1
6284etkinuygulansın,1
6284sayilikanun,1
6284sayılıistanbul,1
6284uygulakadınıyasat,1
6284yasa,1
6284yasatır,1
6ekim1923,1
6eylülsoykırımı,1
75milyon,1
7eylül,1
7numara,1
8m2020,1
8martdunyakadinlarguenue,1
8martdunyakadınlargunukutluolsun,1
8martdünya,1
8martdünyakadınlargünükutluolsun,1
8martkadinlargunu,1
8éadaré,1
90kuruşla,1
a101,1
aa,1
abdullahaltın,1
abdullahaltınyargılansın,1
abdullahanefesol,1
abdullahkubani,1
abdullahoecalan,1
abdurrahmangök,1
abdülkadirselvi,1
abiminkatili,1
abla,1
aboubakar,1
aciklama,1
acunilicali,1
acıklama,1
acılarınkadını,1
acılıanne,1
acısızdiş,1
adambası6700tl,1
adamol,1
adamolacaksınaykutyavuz,1
adamsin,1
adanadaki,1
adanadazamprotestoları,1
adananediyor,1
adelet,1
ademkilicci,1
adkcukurova,1
adli_tıp,1
adlibilimler,1
adlitıpkurumu,1
adliyeye,1
adı,1
adıaklımızda,1
adımyok,1
affetmiyorum,1
afganlar,1
afgantacizci,1
agırlaştırılmışmüebbet,1
ahlaksızchp,1
ahlaksızsınız,1
ahmet,1
ahmethakan,1
ahmetkural,1
ahsapbagevi,1
ahsapbahce,1
ahsapbank,1
ahsapev,1
ahsapoturak,1
ahsapsandalye,1
ahşapbahcemobilyasi,1
ahşapmasa,1
ahşappalet,1
aihmkararıuygulansın,1
ailebitti,1
ailekutsaldır,1
ailemahkemesi,1
ailemdenuzakdur,1
ailemedokunma,1
ailenikoru,1
ailesinin,1
aileşerefi,1
ajansistanbul,1
ajanslar,1
ajdapekkan,1
akalın,1
akaryakıt,1
akdenizüniversitesi,1
aklaziyan,1
akpartigiderseneolacak,1
akpartimuğlamilletvekilimehmetyavuzdemir,1
akpbuülkeninvirüsüdür,1
akpsiztürkiyemümkün,1
akpyeverilenheroy,1
aksaray,1
aksarayüniversitesi,1
aktivehaber,1
akılsağlığı,1
akıncı,1
alainalihbariye,1
alan,1
alanyahaber,1
alaraeriç,1
alarm,1
alaçatı,1
aleksandrlaşkarava,1
alevi,1
aleyna,1
aleynaağgül,1
aliarık,1
alibabacan,1
alielhemdam,1
alierbashaddinibil,1
alierbasistifa,1
aliguelertutuklansın,1
alihakanyatgın,1
alihaydarfırat,1
aliismail,1
aliismailhep19yasında,1
alikocistifa,1
alikoç,1
alikılıçistifa,1
alisel,1
alitellitutuklansın,1
aliyerlikaya,1
aliçifçi,1
aliözkan,1
alkol,1
alkolümedokunma,1
allahbelanıversin,1
allahrahmet,1
allahrahmeteylesin,1
aloevera,1
alpayantmen,1
alpsüpermarket,1
altaksinibaşınaçal,1
altüst,1
alıç,1
amasya,1
ambulansıarardım,1
amer,1
amk,1
ampulepufde,1
ampülepufde,1
ampülepüfde,1
an,1
anadolu,1
anahtar,1
analiz,1
anamız,1
anatoliansoldiersmc,1
anayasa,1
angara,1
anitsayac,1
ankaragücü,1
anket,1
anlak,1
anlıkhaber,1
annebeni,1
annelergünü,1
annelütfenölme,1
annemücadelesi,1
annesi,1
antalyahaber,1
antiktiyatro,1
antrenman,1
anunnak,1
anılacar,1
anıtkabir,1
anıtsayac,1
anıtsayaç,1
apple,1
appleevent,1
aqp,1
arabeskşarkılar,1
aralık,1
aramakayıtları,1
arapça,1
araskargo,1
arazi,1
ardasel,1
ardaturan,1
argentina,1
argentinavsbrazil,1
aritmi,1
arjantin,1
arkadaşyasası,1
arkadaşı,1
armandasaklı,1
army,1
armyselcaday,1
arthistorian,1
artukbey,1
artvin,1
artvi̇n,1
artıhaber,1
artıksesverturkıye,1
aruz,1
arzudemirden,1
arzuicinsusmuyoruz,1
arzumonan,1
arıkovanı,1
asagibakmayacagiz,1
asansör,1
asels,1
asgariuecret3100tl,1
asgariuecret4000,1
ask101,1
askadair,1
askereğlencesi,1
aslayalnizyurumeyeceksin,1
aslayalnızyueruemeyeceksin,1
aslayanlızyürümeyeceksin,1
aslı,1
aslıhana,1
aslıhandal,1
aslıserin,1
asma,1
asy1905,1
asy1905dernegi,1
asü,1
asıkoldum,1
asılsorunbu,1
asılsız,1
asınbuşerefsizleri,1
atakumyatlimanındayız,1
atalanta,1
atamayapılmalı,1
atamdansonra,1
atanın,1
ataturk,1
atatürkle2021,1
atatürkçü,1
atatürkçüdeğilim,1
atatürküçokseviyorum,1
atatürkışıktır,1
ataşehirkentkonseyiaçıklama,1
atb,1
atkraporu,1
atlas,1
atvhaber,1
audio,1
auzef,1
av,1
avcılar,1
avcıyı,1
avfuatözgül,1
avlu,1
avm,1
avradımız,1
avukatadokunma,1
avukatiremeren,1
avukatrezanepozdemir,1
avukatı,1
ayazoğlu,1
aycaaysinturan,1
aycanbeysülen,1
aycanyanac,1
aydinkadinmeclisi,1
aylinnazlıakahaddinibil,1
aynı,1
ayrımcılık,1
ayselakkurt,1
ayseoezgecanusta,1
aysetubaarslan,1
aytenavcı,1
aytendemirtaş,1
ayçaayşinturan,1
ayıklamak,1
ayşe,1
ayşeacar,1
ayşedırla,1
ayşegülesesol,1
ayşepaşali,1
ayşesavdıç,1
ayşesibelyanıkömeroğlu,1
ayşesözer,1
ayşetuğbaaslan,1
ayşeyaylan,1
ayşeçeçen,1
ayşeözgecanusta,1
azerbaijan,1
azracanicekatledildi,1
azragülendamhayatoglu,1
azragülendamhaytaoglu,1
azraksytaoğlu,1
açlığamahkumettiniz,1
açılan,1
açıldık,1
ağ,1
ağaç,1
ağlamaanne,1
ağrısızdiştedavisi,1
ağır,1
ağırceza,1
ağırcezamahkemesi,1
ağırlaştırılmış,1
aşk,1
aşklayaşa,1
aşı,1
aşıhakkında,1
babacan,1
babalar,1
babam,1
babası,1
babayı,1
bahane,1
baharbal,1
bahardalkiran,1
bahartopal,1
bahçelievler,1
bahçelievlerdişçi,1
bakan,1
bakara179,1
bakirkoyadliyesi,1
bakteri,1
bakur,1
bakım,1
bakın,1
bal,1
balkan,1
balkon,1
balkondagörüșürüz,1
balotelli,1
baltürk,1
balık,1
barajdankaçış,1
barcavgs,1
barismuratyagcı,1
barismuratyağcı,1
baro,1
bartınnilh,1
barıspehlivan,1
barış,1
barışpehlivan,1
barışyarkadaş,1
basakcengizkatledilen,1
basaksehirspor,1
baskentteesnafadestek,1
baskın,1
baskınhaber,1
basın,1
batubey,1
bayramikramiyesi,1
bayyanlış,1
bağlı,1
baş,1
başaran,1
başbuğmustafakemalatatürk,1
başkanlık,1
başkentinortakaklı,1
başvuru,1
başörtüsü,1
başımızsağolsun,1
bedeliniödeyeceksiniz,1
behçetnecatigil,1
beklediğimdestek,1
belediyehizmetleri,1
belediyeotobüsü,1
belmaateş,1
belmondo,1
belüstünçalışsınchp,1
benceaşk,1
benceekonominindurumu,1
benceenflasyon,1
bendekuerduem,1
benfero,1
benibul,1
benimleevlanirmisinezgi,1
benjaminkeogh,1
bensuicinsusma,1
bensunarli,1
benyazdım,1
benzinlik,1
beratalbayrakistifa,1
beratalbayrakınyanındayız,1
berensaat,1
bergen,1
berguezarkorel,1
besiktasınmacıvar,1
beslenme,1
bets10,1
beygir,1
beylikduzu_girisimci_kadinlar,1
beylikdüzüanneleri,1
beğen,1
bhaber,1
bianetçetele,1
biber,1
bihterdal,1
bihteryalçınsoy,1
bikoşuadana,1
biktikulanbiktik,1
bilal,1
bilalyılmaztutuklansın,1
bilalözcan,1
bilenkazanıryılbaşıözel,1
bilerek,1
bilgilendirme,1
bilimkuruluonlineyapacak,1
bilirkişiraporu,1
biliyormusunuz,1
billgates,1
bilmedikleriniz,1
bilyoner,1
bina,1
bingöldekadınaşiddet,1
bingölkarlıova,1
bingöllübilimadamları,1
biradımat,1
birakinyaşayalım,1
birakınyasayalım,1
birdolarlıkhainler,1
birey,1
birfikrimvar,1
birhankeskin,1
birinsanlıksuçu,1
birkadınınçıkaramadığısesolmakzorundasin,1
birlesikarapemirlikleri,1
birlikte,1
birliktebaşaracağız,1
biryolunubulabiliriz,1
bisiklet,1
bistro,1
bitarafiz,1
bitci,1
bitcoin12yasında,1
bitlisbarobaşkanı,1
bitlishizan,1
bitlishizangaydamezarlığı,1
bittorrentbtt,1
biyografi,1
biyografico,1
biz,1
bizansınartıkları,1
bizdenolmaz,1
bizimçocuklar,1
bizitektekkatlediyorlar,1
bizkadirsekeriz,1
bizkimmiyiz,1
bizsusarsak,1
biztuerkler,1
bjk,1
bkfc,1
blackandwhitechallenge,1
blackjoy,1
blutvpişmanlıktır,1
bodrumekspres,1
bodrumgazeteleri,1
bodrumgündem,1
bodrumhaberleri,1
bodrumkadındayanışmaderneği,1
bodrumkentkonseyi,1
bodrumspor,1
bodrumyerelhaberleri,1
bogazici,1
bogazicikazandi,1
boks,1
boluvalisi,1
bomba,1
borsaistanbul,1
boycottbollywood,1
boğarak,1
boğaziçidireniyor,1
boğaziçindeneliniçekchp,1
boğazlıyankaymakamı,1
boğuyor,1
boşanmadavası,1
boşluk,1
breaking,1
breakingnews,1
btcusdt,1
btsbutimscreamingthelyrics,1
budavahepimizin,1
buesrahemsireyikoruyun,1
bufaturalaroedenmez,1
bugece,1
bugunbirdahaolduk,1
bugüngünlerdenrabianaz,1
bugünhaber,1
bukaçıncı,1
bukışzorgeçecek,1
bunu,1
bunudagördük,1
burakaykul,1
burakelmas,1
buraktorrenteleleistifa,1
burakuğraş,1
burs,1
bursadakadınınsesi,1
bursaeczacıodası,1
bursagay,1
bursakadınplatformu,1
bursasancak,1
bursaspor,1
buseüçer,1
busonolsundesekolurmu,1
buülkedebugünbirkadınyakılaraköldürüldü,1
buğday,1
böyleyaşanmaz,1
bülentarınç,1
bülentarınçistifa,1
büyükuyanışmitingi,1
büyükçekmece,1
büşrakarabacak,1
bıktıkulanbıktık,1
cadı,1
cafeyaz,1
cagatayulusoy,1
cahit,1
cahitzarifoglu,1
cam,1
cami,1
camvesakurahakkınıarıyor,1
canalmak,1
canan,1
cananacer,1
cananbulutt,1
canankaftancıoğlu,1
canannergiz,1
canavarca,1
caniler,1
canilerin,1
canilik,1
caniyeenagirceza,1
canlımasa,1
cansel,1
canselesesol,1
cansudere,1
canyaman,1
carkcaddesi,1
cassino,1
caydırıcıyasalargelsin,1
caydırıcıyasalaristiyoruz,1
cayınıdaalgit,1
cccfc,1
cebrailcankalaycıtutuklansın,1
cediosman,1
cehenneminehoşgeldin,1
cemal_metin_avcı,1
cemalavcı,1
cemalcancanseven,1
cemalenginyurt,1
cemalkaşıkçı,1
cemalsüreya,1
cemgaripoğlu,1
cemilavciasılsın,1
cemile,1
cemileçağırga,1
cemkaraçay,1
cemnis,1
cemyilmaz,1
cengiz,1
cenkvakti,1
cennet,1
cennettebirkadın,1
ceren_özdemir,1
cerenatlı,1
cerendamarşenel,1
cerendemir,1
cerenşahin,1
cerrahimaske,1
cesedin,1
cesmeyaniyor,1
cevap,1
ceydayükselinsesiol,1
ceydaönel,1
ceylanaslan,1
ceylanertem,1
cezaevineemniyetsınıfı,1
cezaevipersonelidertli,1
cezaisorumluluğutam,1
cezeri,1
challengeaccept,1
chateaudemardin,1
chd,1
chpaliağakadın,1
chpbenimicintehdit,1
chpbölünüyor,1
chpdebudaoldu,1
chpdekiahlaksızvekilkim,1
chpdekitacizörtülemez,1
chpdemek,1
chpdenamusuzsiyaset,1
chpdeorganskandalı,1
chpdeseritaciz,1
chpdetaciz,1
chpdetecavuez,1
chpdetecavüzvar,1
chpdeyolsuzlukbitenekadar,1
chpistanbulgenclik,1
chpkapatilsin,1
chpkkmusibettir,1
chpkıvırma,1
chplimilletvekili,1
chplivekil,1
chpmahvediyor,1
chpmilletvekili,1
chpmilletvekilinin,1
chpmilligüvenliksorunudur,1
chpmugla,1
chpmuğlakatilikoruyor,1
chpnereyekoşuyor,1
chpningercekyuezue,1
chpninhadsizliği,1
chpninpacavrası,1
chppişmanlıktır,1
chpsancaktepegençlik,1
chpsessizkalma,1
chpskandalları,1
chpvarsaçözümvar,1
chpyalanlari,1
chpyebirsoezbırak,1
chpyisevmiyorumçünkü,1
chpzulmü98yaşında,1
chpözürdile,1
chpşişliilçebaşkanlığı,1
chpşişliilçeörgütü,1
chrisevans,1
cicek,1
cikti,1
cilemdogan,1
ciltbakımı,1
ciltkremi,1
ciltmaskesi,1
cinayetdavasi,1
cinayetdeğilvahşet,1
cinayete,1
cinayetehayır,1
cinayeteidamcezası,1
cinayetesessizkalma,1
cinayetin,1
cinayetinde,1
cinayetindekatilin,1
cinayetinpartisiolmaz,1
cinayetsuçtur,1
cinselsapkınlık,1
cinsiyetciyasalar,1
cinsiyeteşitsizliği,1
ci̇nayet,1
climatecrisis,1
clubhouse,1
cnntürkmasası,1
cocukicrası,1
cocukistismarınınaffıolamaz,1
corlu,1
coronadezenfekte,1
crime,1
crimeagainstwomen,1
crot,1
cubbeliahmethoca,1
cueneytozdemir,1
cumamızmuebarekolsun,1
cumamızmübarekolsun,1
cumartesianneleri800hafta,1
cumartesianneleri810hafta,1
cumhur,1
cumhurbaşkanlığı,1
cumhurbaşkanıbaede,1
cumhuriyet_başsavcılığı,1
cumhuriyethalkpartisi,1
cumhuriyetsavcısı,1
cüneytarkın,1
cınayet,1
daeş,1
dallas,1
damlademir,1
damlahoruzbulundu,1
damlahoruznerede,1
damlasönmez,1
danla,1
darıca,1
datçakadınplatformu,1
davadanvazgeçmesiniistedi,1
davadançekil,1
davaduruşması,1
davutaydın,1
davutlar,1
davutoğlu,1
defnejoyfoster,1
dehşet,1
delimine,1
deltavariant,1
demardgenekmerkez,1
demirsporgeridönüyor,1
demre,1
denizaydemirchp,1
denizcakir,1
denizfiliz,1
denizketir,1
denizlihaber,1
denizlispor,1
denizyıldızları,1
derhalkadınlaırbirakın,1
derince,1
derintalu,1
derlediklerimiz,1
dermokozmedikal,1
dernekler,1
ders,1
dertlilerhareketi,1
derviş,1
deryabağcı,1
deryaelbasan,1
deryayanıkıstifa,1
deryayasesol,1
destêdirêjîjinandibebilabişkê,1
detroitfahribaşkonsolosu,1
devam,1
develi,1
develispor,1
devletbahçeli,1
devletiminyanindayim,1
devoynarız,1
devrim,1
dezenfeksiyonhizmeti,1
dezenfektehizmetleri,1
değil,1
dha,1
dibebattiniz,1
dibebattınız,1
didemakay,1
didim,1
dijitalanıt,1
dilekbayrak,1
dilekyüksel,1
dileközçelik,1
dimtv,1
direniş,1
diridiri,1
diridiriyaktı,1
diridiriyakılmış,1
diridiriyakılmışolabilir,1
dirilişertuğrul,1
disk,1
diy,1
diyanetalımınamaliyeengeli,1
diyarbakırgfb,1
dizi,1
diş,1
dnatesti,1
dnaörneği,1
doco,1
dogayikirletme,1
doge,1
doktor,1
dokunulmazlık,1
dokuz8gündem,1
dolandiricilik,1
dolmabahcedekaragece,1
dolmabahçedekaragece,1
domates,1
dontforgetsrebrenica,1
dortcocukannesi,1
dosabsiad,1
dostluklar,1
dosya,1
doğa,1
doğal,1
doğduğunevkaderindir,1
doğuakdeniz,1
doğukan,1
doğum,1
doğustanelektrikli,1
drkaanerol,1
drmehmetdoğanay,1
duduç,1
duman,1
dunyaemekcikadinlargunu,1
durankalkan,1
duruş,1
duvar,1
duyguasena,1
duyguatıldı,1
duyguelden,1
duygununsesiol,1
duygununsesiyiz,1
duyguçelikten,1
duysesimi,1
dyp,1
dólar,1
dökülmeyedurde,1
dönümnoktasıolsun,1
döviz,1
dövüyor,1
dövüş,1
dün,1
dünya,1
dünyacocukkitaplarıhaftası,1
dünyada,1
dünyadan,1
dünyahaber,1
dünyakadınalrınacinayeteson,1
dünyakadınlargünü,1
dünyakadınlargününüzkutluolsun,1
dünyakahvegünü,1
dünyakedilergünü,1
dünyayaaçılangözünüz,1
dünyayısevgikurtaracak,1
düşüncemisöylüyorum,1
düşünvesorgula,1
ebeveyneğitilmeli,1
ebruerdem,1
ebrutimtik,1
ebruzereytutuklansın,1
ebruöztürk,1
ebubekirsifil,1
ebülten,1
eceerken,1
ecevit,1
eceünerilesusma,1
ecrinyaşamakistiyor,1
eda,1
edakaragün,1
edaküçükbaltacılar,1
edeb,1
edebiyat,1
edibesse,1
edinvisca,1
efley,1
egehaberi,1
egehaberleri,1
egeormanvakfı,1
egepo,1
egikad,1
ego,1
ekonomibakanı,1
ekonomibitti,1
ekremistifa,1
eksilmeyeceğiz,1
ektercihler,1
elazığınperileri,1
elbise,1
elektrikkesintisi,1
elektrikliscooter,1
elifsinan,1
elimizdesadecealkışkaldı,1
eliniçekchp,1
ellerinesağlık,1
elmalida2cocuk,1
elmalıda2cocuk,1
elonmusk,1
elsalvador,1
elvıngardens,1
emanset,1
emdr,1
emdrpsikolojikdestekgrubu,1
emdrterapisi,1
emeklilikteyaşatakılanlar,1
emeklilikteyașatakılanlar,1
emelsayın,1
emine,1
emineakbulut,1
eminealtınmakas,1
eminebadegülbulut,1
eminegoekkız,1
eminekarataş,1
eminemmahir,1
eminenulut,1
eminep,1
emineyayla,1
emineçöp,1
emineşenyaşar,1
eminçakmak,1
emirelidemir,1
emoankara,1
emrebeloezoğlu,1
emrebuyukyildirim,1
emregönlüşen,1
emreyıldır,1
enazından8ve12,1
endfemicide,1
enduro,1
enerjik,1
enerjikrizi,1
eneskaya,1
eng,1
engel,1
engelleme,1
engin,1
enginaltay,1
enginnursani,1
enineboyuna,1
enolaholmes,1
enough,1
enpara,1
ensest,1
enteresan,1
erdemli,1
erdemyener,1
erdoğanınyanındayız,1
erenkoeydirenisi,1
erilakademiyedurde,1
erkekler,1
erkekleröldürdü,1
erkeklikbudeğil,1
erkeksiddeti,1
erkekterörüsonbulsun,1
erkekşiddeticezasızkalmamalı,1
erkekşiddetineson,1
erkekşiddetiöldürür,1
erkensecimegidilmeli,1
erkensecimistiyoruz,1
erkenseçim,1
erkenseçimegidilmeli,1
erkenseçimzaruridir,1
ermenilere,1
ersinarslan,1
ersinkorkut,1
esenyurt,1
esgazete,1
esinişık,1
eskimardin,1
eskisehir,1
eskituerkiyeyioezledik,1
esmaekinci,1
esmervekivircikhatun,1
esnaf,1
esragezginci,1
eth,1
ethemsancak,1
etkileyi,1
etkinlikler,1
euroleague,1
eurtry,1
evdeyaptım,1
evdezenfeksiyonhizmeti,1
evladı,1
evsiz,1
eyfelkulesi,1
eylemhıdırtepebulunsun,1
eylempesen,1
eylülcansın,1
eylüluağlıkara,1
eyt,1
eytlilerankarayısallıyor,1
eytsiziunutmayacak,1
eyüpçınaracanol,1
ezan,1
ezgigözeger,1
ezginuraldoğan,1
eğitim,1
eğlence,1
eşcinsellik,1
f1,1
fabrika,1
fahrettinaltun,1
fahrettinkocayüzyüze,1
faikoztrak,1
faiköztrak,1
fail,1
fanatik,1
farkındalık,1
farz,1
fatih,1
fatiha,1
fatihterimistifa,1
fatmaakdeniz,1
fatmaaltınmakasa,1
fatmabetülipek,1
fatmakovan,1
fatmanurçelik,1
fatmanınyanındayız,1
fatmaolcay,1
faturayüksekgeomesindiye,1
fbiad,1
feciölüm,1
feminicide,1
feminisme,1
feministe,1
feminizm,1
femisid,1
fenerinmacivar,1
fenomen,1
feridet,1
fetö,1
feyzanursaglam,1
feyzanursaydam,1
fftb,1
figenyakışır,1
fikrisaglar,1
finans,1
finansalkole,1
finansgelir,1
fitch,1
flaşhaber,1
forzabbl,1
freeocalan,1
fridakahlo,1
fullmoon,1
fundaişsiz,1
furkannesliokuyorum,1
füülkücülerindir,1
fıratyılmazçakıroğlu,1
g20romazirvesi,1
galatakulesinedokunma,1
galatasaraynef,1
galatasaraysucuğazamgeldi,1
galibiyet,1
game,1
gameover,1
games,1
gaming,1
gamzeacar,1
gamzepala,1
garden,1
gardens,1
gayannasosyalsorumlulukprojesi,1
gaziantepalanya,1
gaziantepspor,1
gaziueniversitesi,1
gazı,1
gecegoeruesue,1
geceyebirsöz,1
gekapkaynaktanalınsın,1
gelecekbenim,1
gelecekseninelinde,1
geleceğineyönver,1
gelenek,1
gelinlik,1
gelisme,1
gencer,1
genclerneistiyor,1
genderdiscrimination,1
gençkız,1
gençleregüveniyoruz,1
gençlikpaketi,1
gençlikzirvesi,1
gercekler,1
gercüşteneoluyor,1
gerekcemizvar,1
gerekirse,1
gerekçemizvar,1
geriçek,1
gerçek,1
gerçekkatiller,1
gerçekler,1
geçicihükümet,1
geçkalan,1
ghezzal,1
gibçöktü,1
giderlersegitsinler,1
giresun,1
girişimi,1
gitmezamanınakp,1
gizem,1
gizemakdeniz,1
gizembulut,1
gizemcanbulutgizem,1
gizemin,1
gizemli,1
gizlilik,1
gkd,1
glryh,1
goereceğizcarsambanolacağını,1
gokhantaskin,1
gold,1
golddreamsproductions,1
google,1
governance,1
gs,1
gsray,1
guelveduesuenkitabikaldirilsin,1
guevenmiyoruz,1
gulayuygun,1
guledacankel,1
gulistandokuyaneoldu,1
gulnurkocabas,1
gunaydin,1
gunlukmagazin,1
gustavo,1
guvendedegiliz,1
guzelcamli,1
gökovaakyakakadındayanışması,1
gölyaka,1
gönülbağı,1
gönülyarası,1
görevholding,1
görgü,1
görmezdengelme,1
görüntü,1
gözaltılarderhalserbestbırakılsın,1
gözaltılarserbestbırakılsın,1
gözaltına,1
gözaltındacinselşiddetvar,1
göztepelikadınlarderneği,1
gözyaşlarımızyağsınyeryüzünepisliklersilinsin,1
gözünaydın,1
gükistandoku,1
gül,1
gülayuygun,1
gülayşimşek,1
güleda,1
güledacankal,1
güledacanker,1
gülegülemorhalka,1
gülistandoku330gündüryok,1
gülistandokunerde,1
gülistannerede,1
gülistansız2yıl,1
gülistansız600gün,1
gülkaradağ,1
güllüyilmaz,1
gülpin,1
gülsebirsel,1
gülsümkav,1
gülsümyiğit,1
gültengülümdil,1
gülustandoku,1
gülüstandoku,1
gülüstandokunerede,1
gümüşhane,1
gün,1
günaydınyaşamak,1
günaymedyatv53,1
güncelhaberleri,1
gündeme,1
gündemötesi,1
günebakış,1
güneşinkadınları,1
güneşkaraçuban,1
günlükkapsül,1
günsonu,1
güntülü,1
günü,1
gününkaresi,1
gününolayları,1
gününözeti,1
gütbatçağırıyor,1
güvendedeğiliz,1
güvenlikönlemleri,1
güvenmiyoruz,1
güzelkoçyiğit,1
güzellik,1
güzelşeylerkonuşalım,1
güçlükadıngüçlütürkiye,1
güçlükadınlar,1
güçlükadının,1
h,1
hab,1
habegündemi,1
haberalanya,1
haberanaliz,1
habercialanya,1
habergündemi,1
haberhaberleri,1
haberkafasi,1
haberlerizle,1
haberlerson,1
haberofisicomtr,1
haberserbest,1
habertürkmanşet,1
habibekaradavut,1
hacıibrahimünaltutuklansın,1
hacılokmanbirlik,1
haddiniaştıncanataklı,1
haddinibilbingursonme,1
haddinibilmeralakşener,1
hafizekurban,1
haftadankalan,1
haftasonuhaberleri,1
hagiasophia,1
hakankanattahliyeedilsin,1
hakansabancı,1
haki,1
hakimlersavcılar,1
hakkimiz,1
hakkımızıhelaletmiyoruz,1
hakları,1
haklıyızkazanacağız,1
haksıztahrikindiriminden,1
halishocayaözgürlük,1
halitayar,1
haliçköprüsü,1
halk,1
halkbank,1
halksüt,1
halkıdinleyeceksiniz,1
halkımızözürdiliyor,1
haluktatar,1
hamdolsun,1
hamstercoin,1
handanbul,1
handebuseseker,1
handeerçelxınstyle,1
hangifilmiseyrettin,1
hangisikılıçdaroğlu,1
hankerosestürkiyede,1
hapishanedirenişleri,1
happynewyear2021,1
hareketegeçisyanet,1
hasantunclartutuklansın,1
hashtag,1
hasrettutal,1
hassasiyet,1
hasta,1
haticebatmaz,1
haticebusracetinkaya,1
haticedik,1
haticekurt,1
haticeturan,1
haticetusuyu,1
hatunaksoy,1
havadurumu,1
havintutuklansın,1
hayal,1
hayatağacı,1
hayatinicinden,1
hayatkadınlagüzelleşir,1
hayatınasahipçık,1
hayretediyorum,1
hayvanasiddetehayir,1
hayvanaşiddetehayır,1
hayvanaşiddetsuçtur,1
hayvandüşmanıi̇bb,1
hayvanhaklarıyasasıgetirilsin,1
hayvantecavüzü,1
hayvanvekili,1
hayırsever,1
hazalkaya,1
hazineavukata,1
hazretimuhammed,1
hdp_muğla,1
hdpbodrum1,1
hdpdatca,1
hdpdetecavuz,1
hdplitumacevik,1
hdpyeoyvereceğim,1
health,1
hedef23,1
heets,1
heetsistanbul,1
helinboelek,1
helinhasret,1
helinpalandoeken,1
helinpalandoken,1
helpturkishteachers,1
hemen,1
hemsirenöbetteöldü,1
hentbolgüzeldir,1
hentbolhaber,1
hentbolpaylaştıkçagüzeldir,1
hepbirlikte,1
hepimizmısıroğluyuz,1
hepinizistifaedin,1
hepsiaklımda,1
herdaimsılhal,1
hergünbenimgünüm,1
herkese,1
herkeskonuşacak,1
herpartidekatildir,1
herseyezammaaşayok,1
hertürşiddetehayır,1
herşeyinbirbedelivarburayakadar,1
herşeyolur,1
hesabı,1
hevalmeral,1
heyet,1
heykelyapmayardımyap,1
hijyen,1
hilafethayaldeğildir,1
his,1
hiyim,1
hiç,1
hodrimeydan,1
hokkabaz,1
hopa,1
hosgeldin2021,1
hoşgeldiniz,1
hoşgeldinrok,1
hrantdink,1
hristiyanaoezenme,1
htstalebi,1
htyvsbjk,1
huelyakocyiğit,1
hukukun,1
hulusiakar,1
huzurlu_akşamlar,1
huzursuzbeyin,1
hücre,1
hücreye,1
hülyagüllüce,1
hülyaözmen,1
hürriyetgazetesi,1
hıncaluluç,1
hırsızlık,1
ibbbusonhizmeti,1
ibbhayatıdurdurdu,1
ibrahim_tatlıses,1
ibrahimaraptutuklansın,1
ibrahimgökçek,1
ibrahimsetentutuklansın,1
ibrahimzarapserbestbırakılmasın,1
icimizdenbiri,1
icisleribakanlığı,1
icloudşifresi,1
idamcezasıgelmeli,1
idamcezasıgelmessedahaçoköld,1
idamgel,1
idamgelmeli,1
idamyasasınaevetdiyorum,1
idamçözümdeğildir,1
idamın,1
iddialar,1
iddi̇a,1
iesu,1
iftira,1
ifşaediyoruz,1
iha,1
ihbarhattıkuşadası,1
ihdas,1
ihtiyacımızvar,1
iidam,1
ikinciel,1
ikiyüzünüze,1
ikmal,1
ikramiyesmalıçocuklaraverilsin,1
ikranurtuerksoy,1
ilhancomak,1
ilhançelik,1
ilhançomakatahliye,1
ili,1
ilk,1
ilkyardımbelgesi,1
illustration,1
ilçe,1
imamoğlu,1
imamoğlufelakettir,1
imamoğluistifa,1
inadınaisyan,1
inanmıyorum,1
incesu,1
india,1
indianews,1
indirim,1
indirimi,1
insanaşiddetehayır,1
insanlar,1
insanlıknereyegidiyor,1
insanlığımızbatsın,1
insanlığınöldüğügün,1
insanolmakbukadarzorolmamalı,1
insanoğlu,1
instagramdown,1
interbahis,1
internationaljournalism,1
internationalnews,1
internet,1
inşaatsen,1
iphigenia,1
ipinucukimde,1
iqos,1
irembahçe,1
isimsiz,1
iskender,1
iskenderun,1
iski,1
islamkadınıkorur,1
ismailcem,1
ismaildükel,1
ismailkandastutuklansın,1
istabulsözleşmesiyaşatır,1
istanblsözlesmesi,1
istanbulanlaşması,1
istanbulanlaşmasıyaşatır,1
istanbulbuyuksehirbelediyesi,1
istanbulbüyükşehirbelediyesi,1
istanbuldepremiolursa,1
istanbulhavalimanı,1
istanbulsoezlesmesibizim,1
istanbulsoezlesmesiihanettir,1
istanbulsoezlesmesiuygulansın,1
istanbulsoezlesmesiyaşatır,1
istanbulsozlemesi,1
istanbulsözleşme,1
istanbulsözleşmsi,1
istanbulyasası,1
istanbulyasasıyaşatır,1
istansözleşmesiyaşatır,1
istasyon,1
istemiyorum,1
istiklalmarşı,1
istismarcıhakimbaba,1
istsözleşmesinekarşıyız,1
itaatetmeyeceğiz,1
itibarı,1
itirafediyorum,1
iyigenclik34,1
iyigençliksultangazi,1
iyihalimdirimikaldırılsın,1
iyihalindirimisonbulsun,1
iyikidogdunisikperimiz,1
iyikivarsıneren,1
iyilik,1
iyipartiizmitilçe,1
izban,1
izgazete,1
izle,1
izmarit,1
izmirdekaragece,1
izmirdepremi,1
izmirdepreminde,1
izmirgüncel,1
izmirgündem,1
izmirhaber,1
izmirmilletvekili,1
izmirtravesti,1
izmit,1
içanadolubölge,1
içeridendışarıya,1
içimizacıdı,1
içişleri,1
içişleribakanlığı,1
içkili,1
işbankasıkültüryayınları,1
işgal,1
işkencegizlikalmayacak,1
işsizlik,1
işsizlikartıyor,1
i̇fade,1
i̇stabulsözleşmesiyaşatır,1
i̇yi̇parti,1
jamesdouglaspacker,1
jasat,1
jennieyouareloved,1
jetsosyete,1
jinjiyanazadi,1
jitem,1
johnstuartmill,1
joker,1
judo,1
juntossomos,1
juul,1
juulistanbul,1
juulmod,1
jımın,1
kaanurgancıoğlu,1
kabiletliyiz,1
kabineonlineeğitimistiyoru,1
kabusahazırolun,1
kad,1
kadem,1
kadererten,1
kadermersinşubebaşkanıaysuzeka,1
kadifekale,1
kadinasiddetedur,1
kadinasiddetehayirbir,1
kadinasiddeteson,1
kadincinayetlerinedurde,1
kadincinayetlerinidurdurun,1
kadinlar,1
kadinlarakalkanellerkirilsin,1
kadinlargunuzkutluolsun,1
kadinlarolmesin,1
kadinlaröldürülmesin,1
kadinlarölmesin,1
kadinlarıdeğilkatillerinidurdurun,1
kadinmeclisleri,1
kadinmucadelesiengellenemez,1
kadinsiddetinehayir,1
kadirmısıroğlu,1
kadirsekerci,1
kadirsekermesrumuedafa,1
kadirsekermesrumuedafaa,1
kadirşekeriçinberaat,1
kadirşener,1
kadıköyde,1
kadın_cinayetleri,1
kadınabunuyapma,1
kadınacinayetehayır,1
kadınadokunanellerkırilsın,1
kadınadokunulmazlıkgetirilsin,1
kadınaelkaldırma,1
kadınakarsısiddetehayır,1
kadınasiddete,1
kadınasiddetekarsiyim,1
kadınasiddetekarsıtekses,1
kadınatecavüz,1
kadınauzananellerkırılsın,1
kadınayönelikşiddet,1
kadınayönelikşiddetehayır,1
kadınaçocuğahayvanaşiddet,1
kadınaşidddetedurde,1
kadınaşiddeteenağırcezagelmeli,1
kadınaşiddetehayırde,1
kadınaşiddetelanetolsun,1
kadınaşiddeterörsuçudur,1
kadınaşiddetesusma,1
kadınaşiddetevecinayetedurde,1
kadınaşiddethayır,1
kadınaşiddetikabuletmiyoruz,1
kadınaşiddetilemücadele,1
kadınaşiddetineson,1
kadınaşiddetinsanlıksuçudur,1
kadınaşiddetinsanlığaihanet,1
kadınaşiddetuygulayanerkekdeğildir,1
kadınc,1
kadıncinayetleridurdurmalıdır,1
kadıncinayetleridurdurulsun,1
kadıncinayetleridurmalı,1
kadıncinayetleriideolojiktir,1
kadıncinayetlerikanunteklifi,1
kadıncinayetlerindeindirimolmasın,1
kadıncinayetlerine,1
kadıncinayetlerinedur,1
kadıncinayetlerinesusma,1
kadıncinayetlerini,1
kadıncinayetleriniacilönle,1
kadıncinayetlerinidurduracağızplatformu,1
kadıncinayetlerinin,1
kadıncinayetlerisiyasileryüzündenartıyor,1
kadıncinayetletipolitiktir,1
kadıncinayetletleti,1
kadınciyanetleri,1
kadıncübayetleri,1
kadındayanışmadernekleri,1
kadındayanışmasıkazanacak,1
kadındernekleri,1
kadındüşmanlığı,1
kadındırumudunadı,1
kadıngücü,1
kadınhakkı,1
kadınhaklarıbildirgesi,1
kadınhaklarıyasası,1
kadınhekimlereğitimedestekvakfı,1
kadınkatliamları,1
kadınkatliamınahayır,1
kadınkavgası,1
kadınkırımı,1
kadınkırımınahayır,1
kadınlaradokunmayın,1
kadınlaraffetmeyecek,1
kadınlarakalkanellerkırılsın,1
kadınlarallahınemanetidir,1
kadınlaranotum,1
kadınlarayönelikiftiralarlamücadelegünü,1
kadınlaraşiddetehayır,1
kadınlarbirleşin,1
kadınlarbugündeöldület,1
kadınlardan,1
kadınlardanuzakdurun,1
kadınlardirenişte,1
kadınlarheryerde,1
kadınlarkadınlarıdestekliyor,1
kadınlaroelmesin,1
kadınlaryaşamakister,1
kadınlaryaşamakistiyor,1
kadınlaröldürülmesin,1
kadınlarölmesi,1
kadınlarölmesinartık,1
kadınlarölmesğn,1
kadınlarıdeğilkatilleridurdur,1
kadınlarıdeğilkatilleriyargıla,1
kadınlarıkoru,1
kadınlarımızasahipçıkalım,1
kadınlarınkatilidincifaşizmdir,1
kadınlarınnefretisiziboğacakç,1
kadınlarınsesiolalım,1
kadınlarınyanındadurun,1
kadınlarınyaşamahakkıvar,1
kadınlarısusturamazsınız,1
kadınolmakbukadarzorolmamalı,1
kadınolmaksuçdegil,1
kadınolmakzor,1
kadınolmanınbedeli,1
kadınsesi,1
kadınsusmayacak,1
kadınveailemüdürlükleri,1
kadınyaşamözgürlük,1
kadınyaşatır,1
kadınölmekkolay,1
kadınölümlerineson,1
kadınölümlerisonbulsun,1
kadınıkurtaracakşeymetaolmamak,1
kadınımadokunma,1
kadının,1
kadınınadıvar,1
kadınıngücü,1
kadınınsesiol,1
kadınınyanında,1
kadınıunutma,1
kadınızöfkeliyizpeşinizdeyiz,1
kadınşiddetineson,1
kahev,1
kahramanuzmancavuslar,1
kahrolsunerkzihniyet,1
kahroluyorum,1
kahveciniz,1
kahvehane,1
kalbinizin,1
kalekim,1
kalite,1
kamerakayıt,1
kamerası,1
kamileçevik,1
kampanya,1
kampüscadıları,1
kamuoyu,1
kan,1
kanalistanbuk,1
kanalistanbul,1
kansızcanavar,1
kanyewest,1
kapali,1
kapatma,1
kapatılma,1
kapsülbülten,1
karabakhisazerbaijan,1
karabağ,1
karaca,1
karacabey,1
karadenizekonomi,1
karadenizlikızlarcokguzeldir,1
karadenizölüyor,1
karakartal,1
karakış,1
karamanensarvakfıolayı,1
karanfilinsuçune,1
kararkadınların,1
kararmısyureginizleseviyormuşgibiyapmayın,1
kararıgericek,1
kardeş,1
karfırtınası,1
karla,1
karsbelediyesi,1
kartatili,1
karınaşiddetehayır,1
karısının,1
karıştı,1
karşılığıyok,1
kasimpasa,1
kasten,1
kasım,1
katil5199,1
katilchp,1
katilchpli,1
katilcma,1
katilhikmet,1
katilikoruma,1
katilikorutandakatildir,1
katilin,1
katiliyalnızdeğil,1
katilleraramızda,1
katillere,1
katilleremüebbet,1
katillleryakalansın,1
katilmehmetkaplan,1
katilmetincemalavcı,1
katilvolkanuzun,1
katilzanlısının,1
katledilecek,1
katledilemez,1
katledilen,1
katlediliyoruz,1
katılın,1
kavilizm,1
kayakardeslerbulunsun,1
kayakardeşlerbulunsun,1
kaybedecekler,1
kaybedenler,1
kaymakam,1
kayyumrektoristemiyoruz,1
kayyumrektöristemiyoruz,1
kaçtabutgömülecek,1
kaççiçekölücekdaha,1
kaçış,1
keder,1
kelebek,1
kemalizimyokolacak,1
kemalizmiyika,1
kemalizmyokolmayacak,1
kemalkurkut,1
kemalünsaltutuklansın,1
kemer,1
kenandoğulu,1
kenankaraman,1
kent,1
kerembürsin,1
keremyiğiter,1
kereste,1
kerkisolfej,1
kesif,1
kesk,1
keşke,1
kickboks,1
kickboksgirl,1
kickbokstürkiye,1
kiddwayaourlockdown,1
kilis,1
kilit,1
kimevarkimeyok,1
kimmilyonerolmakister,1
kira,1
kiraz,1
kitap,1
kitapio,1
kitapioyazardanalıntı,1
kitapsözleri,1
kitapönerisi,1
kizbabasi,1
kizilay,1
kktc,1
knyvfb,1
kobane,1
kocaispir,1
kocayadestek60binatama,1
kokain,1
komisyon,1
kongo,1
kontenjan7752,1
konyadliyesi,1
konyakoronayadurde,1
konyaspor,1
kooperatif,1
korkanbirtoplum,1
korkma,1
korkmuyorum,1
korkmuyoruz,1
korkuteli,1
korona,1
kovalamaca,1
kovid19,1
koçman,1
kpss,1
krem,1
kriminal,1
kripto,1
kristina,1
kriz,1
kuefuersuezhayatmuemkuen,1
kultursanat,1
kumar,1
kumsal,1
kurallarısenyaz,1
kurbanbayramı,1
kurbancinayettir,1
kurd,1
kuruekmek,1
kuruincir,1
kurultay,1
kusadasi,1
kusadası,1
kuzeymarmara,1
kuşadasıhaberleri,1
kuştur,1
kykborclarısilinmeli,1
kykburs,1
kykyurtları,1
kömürhanköprüsü,1
köymeydanı,1
küfür,1
kül,1
kürtçe,1
kürşatayvatoğlu,1
kılıçdaroğluhalktvde,1
kılıçdaroğlunerede,1
kılıçdaroğlususuyorkemal,1
kılıçdaroğlutacizesahipçıktı,1
kınıyorum,1
kırmızınıgiy,1
kırmızıoda,1
kırşehir,1
kıskançlık,1
kıskanıyorumseni,1
kıvançtatlıtuğadamdır,1
kıyafet,1
kıyamet,1
kızkardeş,1
kızlar,1
kızçocuklaradokunmayın,1
kızı,1
kızıltepedeneoluyor,1
kızım,1
laciteam1907,1
laiklikguenue,1
lanetliyorum,1
lanetolsun,1
lastesisideğilkatilleriyargıla,1
leclerc,1
lemanege,1
letsloveeachother,1
levent,1
leylaaldemir,1
lezbiyenlik,1
lgbti,1
lgbtq,1
lgbtı,1
liceyanıyor,1
lidergazete,1
lig,1
lilithisyanı,1
liverpool,1
lokum,1
lozanbarısantlasması,1
lpgye48,1
lpgzammı,1
lr,1
lrsağlık,1
lrsibel01,1
lrturkey,1
lrtürkiye,1
lütfen,1
lütfenbusonolsun,1
maalesef,1
mackolik,1
maclinki,1
maddi,1
madımak,1
mahkemeyiterketti,1
mahkumettiniz,1
mahmutbey,1
makale,1
makam,1
maliyedenmğdröğrt20bin,1
maltepe,1
maltepeüniversitesi,1
manavgat,1
manavgatyaniyor,1
mandalizm,1
manevi,1
mangal,1
manisa,1
manisabbsk,1
manisafk,1
manisameydangazetesi,1
manken,1
mankurtlasmıszihniyet,1
mankurtlaşmışzihniyet,1
mansethaber,1
mansuryavas,1
mansuryavaş,1
maraşlı,1
mariahcarey,1
marmaristeyangın,1
marti,1
martı,1
masculism,1
masterchef,1
masterchefturkiye2020,1
masumdeğiliz,1
maukonseyi,1
mavivatangönüllüsüol,1
mağdur,1
mağduretmemutluet,1
mağdursosyologlar,1
meb,1
mebyenidonem50bin,1
meclis,1
medinememi,1
medipolüniversitesikapatılsın,1
medyahaber,1
medyahabertvv,1
medyasiyaset,1
meghanmarkle,1
mehmet,1
mehmetaslantuğ,1
mehmetbakistutuklansin,1
mehmetboynukalınyalnızdeğildir,1
mehmetceyhan,1
mehmetfaruksaygı,1
mehmettopal,1
mehtap,1
mehtapbalabantutuklansın,1
mehtapbülbül,1
mehtapgökdemir,1
mehtapözcan,1
meis,1
mekan,1
mektebim,1
melaniatrump,1
melekcetinkayayıunutturmayacagız,1
melekipekserbestbırakılsın,1
melekipeksucsuzdur,1
meleklerölmez,1
melekmosso,1
melihgökçek,1
melisakalem,1
memduhün,1
memurayüzde21zam,1
meral,1
meralizol,1
mercedesmibisikletmi,1
merivanavcı,1
meriç,1
mersinjokerhaber,1
mersintime,1
mertavcı,1
mertcan,1
mertcana,1
mertcanavcitahliyesineitiraz,1
mertcanavcıtutuklansın,1
mertcemalavcı,1
mertciller,1
mertfirat,1
merve,1
merveyesiltaş,1
merveyildirim,1
mesaj,1
mesajkayıtları,1
meslekliselerideğisti,1
meslektenmen,1
messi,1
mesutoeztuerkmentutuklansın,1
mesutöztürkmentutuklansın,1
metaversefreeland,1
metinavcıbircanidir,1
metincanavcı,1
metincemalavci,1
metineloğlu,1
metruk,1
mevlana,1
meyhane,1
mezar,1
mezheb,1
mezun,1
meşguller,1
mhpyenişehir,1
migrosboykot,1
mihribantokat,1
mihrican,1
milletdüşmanıchp,1
milletinderdisarayazorgeldi,1
millihesaplarburada,1
millihesaplartakipte,1
millihesaplaryanyana,1
milliiradedüşmanıchp,1
millipark,1
millitakim,1
millitakıma,1
milliyet,1
minietek,1
miniyargıreformpaketi,1
minyoongi,1
miraşgüneş,1
missturkey2021,1
mius,1
mmafederasyonu,1
morardık,1
mordayanisma,1
morning,1
motosiklet,1
motosikletyarışı,1
msku,1
mucadelemizbitmeyecek,1
muebbet,1
muecellademir,1
muegeanlıyalnızdeğildir,1
muesluemanyılbasıkutlamaz,1
muglamilletvekilihaddinibil,1
muharremsarıkaya,1
muhittinböcek,1
muhsinbaskan66yasında,1
muhsinyazıcıoğlu66yasında,1
muratagirel,1
muratarslan,1
murataydın,1
muratgezici,1
muratkayatutuklansın,1
muratktutuklansın,1
muratoevuec,1
muratpaşabelediyespor,1
muraövünç,1
muslumannoelkutlamaz,1
mustafa,1
mustafaahmetdemir,1
mustafakemalpaşa,1
mustafamuratayhantutuklansın,1
mustafayabaş,1
mutasyonluvirus,1
mutluluk,1
mutluseneler,1
mutluyillar,1
muvaryantı,1
muğla3ağc,1
muğla_adli_tıp_kurumu,1
muğlacumhuriyetbaşsavcılığı,1
muğlahaber,1
muğlakapalıcezaevi,1
muğlamilletvekili,1
muğlaüniversitesi,1
myhero,1
mücadelekazandırır,1
müdahale,1
müdür,1
müjdelerolsun,1
münevveralbaç,1
münevverlarabulut,1
müslüme,1
müvverkarabulut,1
müzekkere,1
müzeyyenboylu,1
mı,1
mılletvekılı,1
n11,1
nadirakadirovanınkatilinerede,1
nagihankaradere,1
nagihanüste,1
nakil,1
nalsız,1
namaz,1
namus,1
narmikan,1
nature,1
nayarivera,1
nayeti,1
nazlicanyurtozurdile,1
nazmiyeoruçoğlu,1
nba,1
nbafinals,1
nbfc,1
necip,1
neclasağlam,1
nedeğişti,1
nefret,1
neleroluyor,1
nemutlutürkümdiyene,1
nenehatun,1
neoluyor,1
neoluyorbize,1
nerede,1
neredesiniz,1
nergibeyaz,1
nerinaazad,1
nesine,1
neslihançalar,1
netflixedokunma,1
netflixkapanıyor,1
netflixtürkiye,1
new,1
neymişneymiş,1
nezamanakadar,1
neşeerberk,1
nihalakar,1
nilüferçevikel,1
nisbar,1
nivergiveup,1
nobel,1
normhaber,1
notmeseriesep9,1
nternationalwomensday,1
numankurtulmuş,1
nurayduğrul,1
nurcanaslan,1
nurcanpolat,1
nurcemilhüseyin,1
nuriyegülmeneözgürlük,1
nurtaccanan,1
nurtenural,1
octomedya,1
odalar,1
odatv,1
odatvyoutube,1
oelmekistemiyorum,1
oezgecan,1
oezgecanarslan,1
oezuerdilekemal,1
oeğretmenicintakvimrevize,1
oeğretmenlikmeslekkanunu,1
offline,1
oglum,1
ogrenci,1
ogs,1
oguzardasel,1
okmeydanı,1
okullaracılıyor,1
okullarvirüshaneoldu,1
olayına,1
omuzver,1
omvgs,1
onaylamıyoruz,1
onbts,1
ondokuzmğdr20bin,1
onlar,1
onlarçakadınlarımız,1
onlinedaeğitimyök,1
onlineegitimsart,1
onur,1
onurcanözcanhırka,1
operasyonbaşlasın,1
organik,1
orhaniye,1
orhankural,1
orkun,1
ormanyangını,1
orta,1
ortakent,1
ortaksevdamızatatürk,1
ortaksorunumuz,1
ortaya,1
oruspucocuğu,1
oruçaruoba,1
oruçreis,1
osestürkiye,1
osmangazi,1
osmanli,1
osmançallı,1
otogaza48,1
oyatekin,1
oyunvideoları,1
ozgecani,1
oğlunuzuadamgibiyetiştirin,1
oğlunuzueğitin,1
painter,1
pakizeöztaş,1
palandöken,1
palu,1
paluailesi,1
pandemi,1
paramızıpulettiniz,1
parası,1
paris,1
parkinson,1
parkkent,1
parkkentmobilyalari,1
pars,1
partisi,1
paylaş,1
pazarlıkkonusudeğil,1
pazartesitarkan,1
pcrdayatmasıdurdurulsun,1
pedodonti,1
pedofili,1
pekin,1
pekineolacak,1
pekmez,1
perakende,1
peraseninlegüçlü,1
perihan_savaş,1
permissiontodance100m,1
pet,1
petkm,1
pgsus,1
picture,1
pikselmedya,1
pingsizbirtuerkiye,1
pisellerinizikadinlarınuzerindençekin,1
pisliker,1
pisliğindeboğulyasinobuz,1
pitbulltoken,1
pkk,1
plan,1
planlı,1
plant,1
plants,1
polenatay,1
poli,1
polisiminyanımdayım,1
polisşiddeti,1
politiktasarım,1
polyksena,1
pomem,1
porçayfree,1
pr,1
premiumtatil,1
problem,1
promter,1
protokol,1
provokasyonagelme,1
psihaber,1
psikolojik,1
psikolojisorun,1
psikonterapi,1
pubgban,1
pubgmobile,1
pubgmobileturkiye,1
pwnistanbul,1
pı,1
qadınaşiddətəyoxdeyək,1
qatar2022,1
qetlkirina,1
quote,1
rabiakarakaya,1
rabianazdosyasıyenidenacılsın,1
rabiavatansever,1
rabiyatümkaya,1
radyocu,1
rahmet,1
rakeldink,1
ramazan2022,1
ramazanyılmazdayakıldı,1
ramazanözçelik,1
rap,1
rashford,1
reality,1
rebeccasolnit,1
reddihâkim,1
reelpiyasalar,1
referandum,1
regrann,1
reise,1
reisinyolunda2023,1
respectdemo,1
restaurant,1
restoran,1
reynmen,1
rezaepözdemir,1
rezaletedurde,1
rezilchp,1
rezilliğesusanlar,1
rezilliğindibi,1
rezilsinchp,1
rmdeservesbetter,1
roboski,1
rojinece,1
rosenborg,1
roséforyslbeauty,1
rotaract2420,1
rotaract2430,1
rotaryfırsatlaryaratır,1
rtecevapverturkmilletisoruyor,1
rteünilileretarih,1
ruhsağlığındakoçistismarı,1
russiaukraine,1
rûdaw,1
rüyalarkadargüzel,1
rüyaserikadıncinayetleriklibi,1
rüyaserin,1
rıdvanhocayasor,1
s400,1
saatkisitlaması,1
sabah,1
sabriyeyıldız,1
sadecegalatasaray,1
sadecelafyapantoplum,1
sadettinsaran,1
sadiyeerkintutuklansın,1
safakmahmutyazıcıoğlu,1
sagliklibeslenme,1
sahibi,1
saklıkalmayacak,1
salgın,1
salihbolat,1
salon,1
samuray,1
samuraykilici,1
sanabirşeydeyimmi,1
sanat,1
sancakgazetesi,1
sandık,1
sandıktaaklımdaolacak,1
sandıktaödeyeceksiniz,1
sanko,1
sansueryasasınadurde,1
sapıkamcaosmanıtutukla,1
sapıkbabasalihdayanaceza,1
sapıklaraidam,1
sapıkvolkanuzunakpliymiş,1
sarkisyan,1
sarıgülhamarat,1
sasa,1
satmakla,1
satın,1
savas,1
savasahayır,1
savaşmaya,1
savaşçıkaracak,1
savunma,1
savunmasanatları,1
savunmayargılanamaz,1
sayaç,1
sayılarıninsanları,1
sayın,1
sayıştay,1
sağlamayan,1
sağlıkbakanlığısizidinliyor,1
sağlıkbakanı,1
sağlıkcılartakibetakip,1
sağlıklıeğitimistiyoruz,1
sağlıktasiddetehayır,1
sağlıkçı,1
sağlıkçılar,1
sağlığagelmeyenkılavuz,1
scoooter,1
seaskyto,1
sebahattinali,1
sebnemşirin,1
sedakurt,1
sedasayan,1
sedatas,1
sedefberberoglu,1
sedefkabasyalnızdeğildir,1
sedefkabaş,1
sedefkabaşaözgürlük,1
seferfak,1
seherpak,1
sehit,1
sehitlerimizvar,1
seksenikincişehir,1
selahattindemirtasteroeristtir,1
selcukerdem,1
selcukkozağaclı,1
selcuktepeli,1
seldabaşaran,1
selehattindemirtaşteröristtir,1
selhattindemirtaş,1
selimahmetkemaloğlu,1
selimavcı,1
selmataşkafa,1
selmes,1
selvanacar,1
selver,1
semadağ,1
semaguzel,1
semraçetin,1
semraörenç,1
senanlatkaradeniz,1
senato,1
sendesöyle,1
seninlegüçlüyüzerdoğan,1
seninleyizreis,1
senkimsinchp,1
senolgunesistifa,1
sensintaliban,1
sercanyıldırım,1
serdarortac,1
serdivan,1
servetçetin,1
sesimsesindirkardeşim,1
sesolmakzorundayız,1
sessizkalamam,1
sessizkalmıyoruz,1
sevdakösecik,1
sevdamkocaeli,1
sevdayaadım,1
sevgikökenler,1
sevginuraktaş,1
sevgitekin,1
sevgiyavuz,1
sevilayalkaç,1
sevilaykaya,1
sevilözel,1
sevimtanürek,1
seviyorummerkez,1
sexualharessment,1
seyahat,1
seymayıldız,1
sezenaksudan,1
sezenunlu,1
sezenünlü,1
seçim,1
seçimbiziçağırıyor,1
sherlockholmes,1
sheytanovicbulunsun,1
showchampionriggedtoblackpink,1
showtvözürdile,1
siddeteboyuneğme,1
siddetekarsı,1
siddetekarsıistanbulsoezlesmesi,1
siddetesessizkalma,1
silifke,1
simpsonlar,1
simpsons,1
sinanakçıl,1
sinanaydoğantutuklansın,1
sinema,1
sinopda,1
sinyal,1
sirnak,1
sisli,1
site,1
sivas,1
sivaskatliamı,1
siya,1
siyaseti,1
sizi,1
sizlereoymoyyok,1
skandallarpartisichp,1
sketches,1
slime,1
sma2022,1
smafarkındalıkgünü,1
smatype1,1
smawarrier,1
smayıkarsılasgk,1
sms,1
sncbokulöncesindekararkimin,1
so,1
soezlesmecinayetleriartırıyor,1
sokak,1
sokaktakalanvatandaş,1
solanasummer,1
soma,1
son,1
son21,1
sonbahar,1
sonda,1
sondak,1
sondaki,1
sondakikda,1
sondurumu,1
songelişme,1
songelişmeler,1
sonhaberler,1
sonkurban,1
sonolsunartık,1
sonsayfa,1
sonsuzadek,1
sonukupaolsun,1
sonyaz,1
sorgu,1
soru,1
sorumlusunuz,1
sosa,1
sosinküçükgüven,1
sosyalakademim,1
sosyalbelediyecilik,1
sosyalbilgiler,1
sosyalhizmetler,1
sosyalhizmetuzmanı,1
sosyalistcumhuriyetpartisi,1
sosyalmedyagündem,1
sosyalmedyayaşatır,1
sosyalmesafe,1
sosyalçalışmacı,1
sosyolog,1
sozcugazetesi,1
spectermedya,1
sporkluplerindeniyilikzinciri,1
sportoto,1
sprey,1
squid,1
srebrenica,1
srebrenista,1
stopfemicide,1
stopkillingus,1
stratejik,1
su,1
suadiyerotaract,1
suadiyerotary,1
suatberk,1
sudebilir,1
sueleymanseba,1
sundayevening,1
superbahis,1
support44,1
sur,1
suresiznafaka,1
suriye,1
survior2020,1
survivor2020allstar,1
survivor2022,1
survivorallstar2022,1
survivorekstra,1
susaazərbaycandır,1
susmaa,1
susmaağrı,1
susmabatman,1
susmachp,1
susmadıkvesusmayacağız,1
susmahaykırkadınaşiddetehayır,1
susmakyok,1
susmasengencsin,1
susmasesol,1
susmasilopi,1
susmasustukcasırasanagelcek,1
susmatuerkiye,1
susmaturkiye,1
susmayın,1
susmaşırnak,1
susmuyoruzkorkmuyoruzaşağıbakmıyoruz,1
susturamazsınız,1
suwen,1
suçbendedeğil,1
suçduyurusu,1
suçörgütüchp,1
sxp,1
syl44,1
söke,1
sözcü,1
sözhakkı,1
sözlesmecinayetleriartırıyor,1
sözlesmeyiduy,1
sözleşmebahane,1
sözleşmeyiuygulakadınıyaşat,1
sözvermehakkımıver,1
sözyazarı,1
sözyazarırüyaserin,1
sözyüzüdergi,1
süleyman,1
süleymangirginistifa,1
süleymangirginkıvırma,1
süleymansoylu,1
süleymançakır,1
süresiznafaka,1
sıcakgelişme,1
sıcakgündem,1
sıcakhaber,1
sıcaklık,1
sıddık,1
sıfır,1
sıkıntıkaynağı,1
sılasentuerk,1
sılayıyalnızbırakma,1
sınıf,1
sınırsızlık,1
sınırsızlıkmeydanı,1
sıtkı,1
sıtkıkoçmanüniversitesi,1
tabure,1
taburedergi,1
taburekultur,1
tabut,1
tacizcitecavüzcüchp,1
tacizciyitutukla,1
tacizehayır,1
tacizleriunutturamazsınız,1
tacizvetecavüzörgütü,1
tahin,1
tahirelçi,1
tahminkolik,1
tahrikindrimi,1
tahta,1
takipçisiydik,1
taksi,1
takıntı,1
talebi,1
tarihegeçer,1
tarihiyolculuk,1
tarihtebugün,1
tarikat,1
tarikatlarcehalettir,1
tarikatvecemaatlerkapatılsın,1
tartışma,1
tasarımcı,1
tatbikatraporu,1
taze,1
taziye,1
tazyikhapsi,1
tb,1
tbmmgenelkurulu,1
tbt,1
tc,1
tck25,1
tdd,1
teb,1
tecavuezuenmizahıolmaz,1
tecavuzinsanliksucudur,1
tecavüzcoşkun,1
tecavüzcühdp,1
tecavüzcülere,1
tecavüzcülerikorumacanan,1
tecavüzün,1
tedavi,1
tedbir,1
tekinakdeniztutuklansın,1
tekirdağ,1
tekkişilikhücre,1
teklıf,1
tekumutbu,1
tekyöniktidar,1
tele1susturulamaz,1
telefonsinyali,1
telegram,1
temelkaramollaoğlu,1
teminat,1
temsildeeşitlik,1
tercih2020,1
tes,1
tesekkuerlererdoğan,1
teskilat,1
tezerözlü,1
teşekkürlerberatalbayrak,1
teşekkürlertürkiye,1
tgrt,1
thankyouchan,1
thankyourm,1
thy,1
tipekatıl,1
tiplikadınlar,1
titiz,1
todayshow,1
tolgasarıtaş,1
toplantı,1
toplum,1
toplumadestekdernegi,1
toptan,1
toroslar,1
torpil,1
tr,1
transcinayetleripolitiktir,1
travma,1
trollecemal,1
trt,1
trumphascovid,1
tsvkon,1
tsyepenaltıfırtınası,1
tubaerkol,1
tubakeles,1
tubamenek,1
tukendik,1
tunçsoyer,1
turist,1
turkcell,1
turkishgp,1
turnike,1
turquia,1
tutarsızlık,1
tuttur,1
tutuklandı,1
tutunamayanlar,1
tuvalet,1
tuğbagenc,1
tuğbatokbaş,1
tuğçedinç,1
tuğçesemiz,1
tuğçeyıldırım,1
tuğçeçelik,1
tv100,1
tvprogram,1
twitterduyuyor,1
twitterçapkınlıkları,1
twitterın,1
tyan4,1
tyana,1
tülaya,1
tümfaillercezalandırılsın,1
tümkadınlardanözürdiliyorumbirerkekolarak,1
tümsağlıksektörüçalışanlarıderneği,1
türkdilkurumu,1
türkdizileri,1
türkiyedekadinkatliamivar,1
türkiyedekadınlarındurumu,1
türkiyedekikadıncinayetleri,1
türkiyeişbankasıkültüryayınları,1
türkiyekitapokuyor,1
türkiyeleylayıunutma,1
türkiyem,1
türkiyeninnabzi,1
türkiyeninumudu,1
türklirasi,1
türktoplumununkanayanyarası,1
türktürkesahipçıksın,1
türkçülerunutmaz,1
türkü,1
uakonya,1
uamersin,1
uayurtiçi,1
uecaylar,1
uefa,1
uelkemdeoruspucocuğuistemiyorum,1
uemitcanuygun,1
uenilericinkarar,1
ueniversiteleryuezyuezeolsun,1
ufc264,1
ukrainerussiacrisis,1
ukraynalı,1
ultrashoşgör,1
ultraslanantalya,1
ultraslanlıse,1
ultraslansultangazi,1
uludere,1
umarım,1
umbertoeco,1
umitcanuygun,1
umudumuzvar,1
umutcanuygun,1
universiteler,1
unutamadım,1
unutmadım,1
unutmadımaklımda,1
unutmayacağım,1
unutmayın,1
unuttukmuhayır,1
unıbjkbaşkent,1
unıhm,1
urfadabebeklerölüyor,1
urfahaber,1
urfayazar,1
urla,1
usdjpy,1
usnews,1
utanma,1
utantürkiye,1
utanç,1
utanıyorum,1
uygurtürkleri,1
uyku,1
uykusuz,1
uzakdurunpisliginizdeboğulun,1
uzakgiden,1
uzaktanegitim,1
uzun,1
uçacaktıkçakıldık,1
uçak,1
uçankuştv,1
uçansüpürge,1
uçantekme,1
uçuş,1
uğurmumcu,1
vahittuna,1
vahşi,1
vahşikatliam,1
vakatablosu,1
van,1
vangölü,1
vape,1
varildecesedibulundu,1
varilin,1
varlıklara,1
varodasıkarda,1
varodasıtv100,1
vatan,1
vatanınueveyevladıoeğrt,1
vayarkadaş,1
vazgecmiyoruz,1
vazgeçerü,1
ve,1
vedahabinlercemelek,1
vedat,1
vediğerleri,1
vefat,1
vekalet,1
velsiledönmez,1
verim,1
veryetkiyi_göretkiyi,1
veterinerhekim,1
violenceagainstwomen,1
viop,1
viop30,1
vitrin,1
volkanuzunaneoldu,1
volkanuzunsapık,1
volkanuzuntutuklasın,1
vpdebate,1
watsonsodulleri,1
wayfair,1
wednesday,1
welcomehomekyungsoo,1
wimbledonfinal,1
womanslivesmatter,1
womenaredying,1
womenarekilledinthiscountry,1
womenslivesmatter,1
womensrights,1
worldkobaneday,1
www,1
xauusd,1
yaay,1
yahsihanbelediyesi,1
yakilma,1
yakma,1
yakmanın,1
yakılması,1
yakılmış,1
yakınmarkaj,1
yakıyor,1
yalanrüzgarıtacizikapatmaz,1
yalanımvarsadüzelt,1
yalnızdeğilsinezgimola,1
yalıcocuğuağlıyor,1
yanmasın,1
yapanchpliolunca,1
yapıldı,1
yardim,1
yardımcı,1
yarenleylek,1
yargidizi,1
yargıeliylezulüm,1
yargılama,1
yargın,1
yargıtayçilemigör,1
yarimiz,1
yarınkadınerkekfarketmeksizinsiyahgiyinmeyedavetediyorum,1
yarınınkadınyıldızları,1
yasakistemiyoruz,1
yasaklargerialınsın,1
yasaklarzararveriyor,1
yasalaradokunmauygula,1
yasaların,1
yasamakistiyorum,1
yaseminuyar,1
yasinbörü,1
yasinkuruçayyalnızdeğildir,1
yasinobuz,1
yastadeğilisyandayız,1
yastayız,1
yat,1
yatırım,1
yavuzağıralioğluseninleyiz,1
yavuzdemir,1
yayın,1
yayınyasağı,1
yaz,1
yazarpostası,1
yazdeftere,1
yazı,1
yazıkolduistanbula,1
yazılıkayarotaract,1
yaşamak,1
yaşamakistiyoruz,1
yaşamhakkı,1
yaşamhakkıinsanhakkıdır,1
yaşamhakkıkutsaldır,1
yaşamizi,1
yaşamkoçluğu,1
yaşanabilirtürkiye,1
yaşasinkadinçocukvehayavanhaklari,1
yaşasınkadındayanışması,1
yaşatalım,1
yeldaerolgökcan,1
yeldayalaman,1
yeleler,1
yenibirparti,1
yenicukur,1
yenigenelge,1
yeniheader,1
yenikent,1
yenikomunizm,1
yeniligeyolculukbulusması,1
yeniumut2021,1
yeniumutlar,1
yeniyılınızkutluolsun,1
yeniçukur,1
yenişehir,1
yer,1
yerelyönetimler,1
yerlioto,1
yesevialperenler,1
yesil,1
yeterartik,1
yeterartıkk,1
yeterchp,1
yeterrrrrr,1
yetlililer,1
yettiartık,1
yettigari,1
yeşilsalkım,1
yeşilçam,1
yeşim,1
yeşimsalkımözürdile,1
yilbasimagazin,1
yilbasisüprizi,1
yilbasisürprizi,1
yildiztilbe,1
yilmazerdogan,1
yinegelecegimizçöktü,1
yks,1
yks2020,1
yksbirinciemrepolat,1
yksln,1
yobaz,1
yok,1
yolda,1
yolsevder,1
yoncademir,1
yorum,1
youngroyals,1
youtube3,1
youtubelive,1
youwin,1
yuezdeyuezmuezik,1
yunusemrecakırtutuklansın,1
yurt,1
yurtsuzlargözaltında,1
yusufbilgenerede,1
yusufguenay,1
yök1yıleksüre,1
yök2dönemeksüre,1
yön101eğitimi,1
yönetemediniz,1
yönetişim,1
yüksek,1
yükseltsesinidünyadeğişsin,1
yükselyıldırım,1
yüreğimtükendi,1
yürüyüş,1
yüzlercekadın,1
yüzyılınnankörü,1
yılbası,1
yılbaşısürprizi,1
yıllık,1
yılmazözdemir,1
zafersahin,1
zahidecengiz,1
zainalabakarovyargilansin,1
zamzamyettibe,1
zanapolat,1
zanlısı,1
zarifoğlu,1
zaten,1
zatenkamudavası,1
zehrarahmani,1
zeynepoeğretmenyalnızdegildir,1
zeyneptopal,1
zeytin,1
zeytinyağı,1
zkusagibilmez,1
zkusagiunutmaz,1
zkusağıbilmez,1
zkusağıdinle,1
zolgensma,1
zolgensmatürkiyeyegelsin,1
zolra,1
zoobiameer,1
zor,1
zorunlumaskezulümdür,1
zozanizol,1
zu,1
zulüm,1
zuzukitap,1
çaramba,1
çarşı,1
çatakkereste,1
çatlakzemin,1
çayırova,1
çağdaşavukatlarderneği,1
çağlarertuğrul,1
çağrı,1
çekenbilir,1
çekinpisellerinizipisdillerinizi,1
çekpispençenikadındankatilbozması,1
çhd,1
çilemdoğanserbestbırakılsın,1
çimenfilizpaşa,1
çiçek,1
çiçeklişiir,1
çiğdemçeledir,1
çocukcinayetleri,1
çocukdiş,1
çocukhaklarıgünü,1
çocukistismarı,1
çocukistismarına,1
çocuklar,1
çocuklaraşiddetehayır,1
çocuklardan,1
çocuklarınbabasıkayınpedermi,1
çocukpsikolojisi,1
çocukölümü,1
çocuğaşiddetehayır,1
çoklu,1
çoklubaro,1
çoksevmeyingüzelsevin,1
çukurova,1
çöpçamurçukurchp,1
çözümne,1
çürüttünüzülkeyi,1
öfkeligençtürkler,1
ögrenciaffı,1
öldü,1
öldüren,1
öldürme,1
öldürmek,1
öldürülenkadınlarisyanımızdır,1
öldürülmesi,1
ölmedenkoruyunbeni,1
ölmekistemiyorlar,1
ölmektenyoruldum,1
ölmeköldürülmekistemiyoruz,1
ölmekıstemiyoruz,1
ölümünemilliirade,1
ömürerez,1
önce,1
öncetürksün,1
önündenseslendi,1
ötv,1
ötvsiotomobil,1
özdağ,1
özeldosya,1
özetnews,1
özgecaaslan,1
özgecanarsalan,1
özgecanaslanunutmadık,1
özgecanlar,1
özgurluk,1
özgüarduç,1
özgünamal,1
özgürözel,1
özlemçerçioğlu,1
özsütkahvaltıçokgüzel,1
özürdilechp,1
özürdileerdoğankemal,1
özürdilefikrisağlar,1
özürdilemuammerkaraman,1
özürdilerim,1
öğrencisi,1
ülkede,1
ülkedekadınolmak,1
ülkemde,1
ülkemizingerçekleri,1
ülkeyi,1
ülküözateş,1
ümitkaftancıoğlu,1
ümmethaber,1
ünalkaraman,1
ünevirseti,1
ünileriçinkarar,1
üniversitelerkaldırıldımı,1
üniversiteleryüzyüzeolsun,1
üniversiteli,1
üniversiteöğrencisi,1
ünlüler,1
ürün,1
üzen,1
üzgünüm,1
üçüncüsayfa,1
ıddıa,1
ımagroup,1
ımrankhan,1
ırmakbebek,1
ısparta,1
ıstabulsözleşmesiyaşatır,1
ıstanbulconvention,1
ıstanbulconventionsaveslives,1
ıstanbulsoezlesmesinedokunma,1
ıstanbulsoezlesmesioeldueruer,1
ıta,1
şahsiyetihatırla,1
şampiyon,1
şebnenşirin,1
şefika,1
şefkati,1
şehit,1
şehitlerimiz,1
şekerdikbıyık,1
şentop,1
şeriatgelsin,1
şeymademirnerede,1
şeymanınsesiol,1
şiarkılıç,1
şiddetbilinci,1
şiddete,1
şiddetegözyumma,1
şiddetesessizkalma,1
şiddeteson,1
şiddeti,1
şiddetinbahanesiolmaz,1
şiddetinsesiol,1
şiddetpornografisi,1
şiddetyok,1
şiir,1
şimdi,1
şimdigainzamanı,1
şimdigainzamanın,1
şişe,1
şuleyıldırım,1
şuleçetin,1
şükrügökhanorhan,1
διαγγελμα,1
اسطنبول,1
우리_축하할게_있어_재현날,1
